{
  "quotes": {
    "main-menu-title": "Quotes",
    "blades": {
      "quotes-assets": {
        "subtitle": "Quote attachments",
        "labels": {
          "drag-note": "Drag and drop your files here",
          "select-files": "Select files",
          "progress": "Progress",
          "type": "Type",
          "name": "Name",
          "actions": "Actions"
        }
      },
      "quote-detail": {
        "subtitle": "Quote details",
        "labels": {
          "customer": "Customer",
          "created": "Created",
          "customer-organization": "Customer's company",
          "last-updated": "Last updated",
          "status": "Status",
          "expiry-date": "Expiry date",
          "assigned-to": "Assigned to",
          "rfq-from": "RFQ from",
          "reminder-date": "Reminder date",
          "general-comment": "General comment",
          "internal-comment": "Internal comment"
        },
        "placeholders": {
          "status": "Please select...",
          "expiry-date": "Select date",
          "assigned-to": "Please select...",
          "rfq-from": "Please select store...",
          "reminder-date": "Please select date",
          "general-comment": "Public comment",
          "internal-comment": "Internal comment"
        }
      },
      "quote-items": {
        "title": "{{title}} line items",
        "subtitle": "Edit line items",
        "labels": {
          "new-subtotal": "New subtotal",
          "relative-discount": "Relative discount",
          "shipping-method": "Shipping method",
          "manual-shipping-total": "Total shipping (manual)",
          "sub-total-placed": "Subtotal (placed)",
          "adjustment-quote": "Adjustment",
          "sub-total": "Subtotal",
          "shipping": "Shipping",
          "discount": "Discount",
          "grand-total": "Grand Total",
          "taxes": "Taxes",
          "grand-total-incl-tax": "Grand Total (Incl. Taxes)",
          "picture": "Image",
          "comment": "Product comment",
          "list-price": "List price",
          "sale-price": "Sale price",
          "quantity": "Quantity",
          "proposed-price": "Proposed price",
          "margin": "Margin (GP)",
          "product": "Product",
          "sku": "SKU"
        },
        "placeholders": {
          "shipping-method": "Please select...",
          "comment": "Enter comment"
        }
      },
      "quotes-list": {
        "title": "Quotes",
        "labels": {
          "quote-number": "Quote #",
          "status": "Status",
          "items-count": "Item count",
          "customer": "Customer",
          "created": "Created",
          "no-quotes": "No quotes yet"
        }
      },
      "catalog-items-select": {
        "title": "Add item to quote"
      }
    },
    "widgets": {
      "quote-address": {
        "address-type": "Address type",
        "no-address": "No address",
        "blade-subtitle": "Manage addresses"
      },
      "quotes-assets": {
        "title": "Attachments"
      },
      "quote-items": {
        "title": "Line items"
      },
      "quote-totals": {
        "sub-total": "Subtotal",
        "shipping": "Shipping",
        "discount": "Discount",
        "grand-total": "Grand Total"
      }
    },
    "dialogs": {
      "quote-requests-delete": {
        "title": "Confirm Delete",
        "message": "Are you sure you want to delete the selected quote request(s)?"
      },
      "quote-delete": {
        "title": "Confirm Delete",
        "message": "Are you sure you want to delete this quote?"
      },
      "quote-save": {
        "title": "Save changes",
        "message": "The quote has been modified. Do you want to save changes?"
      },
      "quote-cancel": {
        "title": "Remove quote",
        "message": "Are you sure you want to delete this quote?",
        "placeholders": {
          "reason": "Please enter reason here..."
        }
      },
      "proposal-delete": {
        "title": "Confirm proposal",
        "message": "After you send a proposal, you will not be able to modify some parts of your quote. Are you sure you want to proceed?"
      },
      "hold-confirmation": {
        "title": "Confirm put on hold",
        "message-release": "Are you sure you want to reactivate this quote?",
        "message-place": "Are you sure you want to put this quote on hold?"
      }
    },
    "commands": {
      "release-hold": "Reactivate",
      "place-on-hold": "Put on hold",
      "submit-proposal": "Submit proposal",
      "cancel-document": "Remove document",
      "add-selected": "Add selected",
      "add-item": "Add item"
    }
  },
  "permissions": {
    "quote:access": "Open quote menu",
    "quote:create": "Create quote",
    "quote:read": "View quotes",
    "quote:update": "Update quotes",
    "quote:delete": "Delete quotes"
  },
  "settings": {
    "Quotes": {
      "Status": {
        "title": "Quote statuses",
        "description": "List of valid quote statuses"
      },
      "QuoteRequestNewNumberTemplate": {
        "title": "RFQ number template",
        "description": "This template or pattern will be used to generate numbers for new quote requests. 0 means date and time (UTC) the number gets generated, while 1 stands for the sequence number."
      },
      "EnableQuotes": {
        "title": "Enable quotes",
        "description": "Tick the check box to activate quotes in the store"
      }
    }
  },
  "module": {
    "VirtoCommerce.Quote": {
      "description": "Export or import quote requests (RFQs)"
    }
  }
}