﻿{
  
  "Roles":[
    {
      "Description": "Working only with electronic store. catalogs,  orders and cms",
      "Permissions": [
        {
          "Id": "content:create",
          "Name": "content:create",
          "ModuleId": "VirtoCommerce.Content",
          "GroupName": "Content",
          "AssignedScopes": [],
          "AvailableScopes": []
        },
        {
          "Id": "store:update",
          "Name": "store:update",
          "ModuleId": "VirtoCommerce.Store",
          "GroupName": "Store",
          "AssignedScopes": [],
          "AvailableScopes": [
            {
              "Type": "StoreSelectedScope"
            }
          ]
        },
        {
          "Id": "catalog:export",
          "Name": "catalog:export",
          "GroupName": "Catalog",
          "AssignedScopes": [],
          "AvailableScopes": []
        },
        {
          "Id": "content:read",
          "Name": "content:read",
          "ModuleId": "VirtoCommerce.Content",
          "GroupName": "Content",
          "AssignedScopes": [],
          "AvailableScopes": []
        },
        {
          "Id": "store:read",
          "Name": "store:read",
          "ModuleId": "VirtoCommerce.Store",
          "GroupName": "Store",
          "AssignedScopes": [],
          "AvailableScopes": [
            {
              "Type": "StoreSelectedScope"
            }
          ]
        },
        {
          "Id": "order:access",
          "Name": "order:access",
          "ModuleId": "VirtoCommerce.Orders",
          "GroupName": "Orders",
          "AssignedScopes": [],
          "AvailableScopes": []
        },
        {
          "Id": "order:create",
          "Name": "order:create",
          "ModuleId": "VirtoCommerce.Orders",
          "GroupName": "Orders",
          "AssignedScopes": [],
          "AvailableScopes": []
        },
        {
          "Id": "content:update",
          "Name": "content:update",
          "ModuleId": "VirtoCommerce.Content",
          "GroupName": "Content",
          "AssignedScopes": [],
          "AvailableScopes": []
        },
        {
          "Id": "content:access",
          "Name": "content:access",
          "ModuleId": "VirtoCommerce.Content",
          "GroupName": "Content",
          "AssignedScopes": [],
          "AvailableScopes": []
        },
        {
          "Id": "catalog:delete",
          "Name": "catalog:delete",
          "GroupName": "Catalog",
          "AssignedScopes": [],
          "AvailableScopes": [
            {
              "Type": "SelectedCatalogScope"
            }
          ]
        },
        {
          "Id": "catalog:read",
          "Name": "catalog:read",
          "GroupName": "Catalog",
          "AssignedScopes": [],
          "AvailableScopes": [
            {
              "Type": "SelectedCatalogScope"
            }
          ]
        },
        {
          "Id": "store:create",
          "Name": "store:create",
          "ModuleId": "VirtoCommerce.Store",
          "GroupName": "Store",
          "AssignedScopes": [],
          "AvailableScopes": []
        },
        {
          "Id": "catalog:create",
          "Name": "catalog:create",
          "GroupName": "Catalog",
          "AssignedScopes": [],
          "AvailableScopes": []
        },
        {
          "Id": "order:update",
          "Name": "order:update",
          "ModuleId": "VirtoCommerce.Orders",
          "GroupName": "Orders",
          "AssignedScopes": [],
          "AvailableScopes": [
            {
              "Type": "OnlyOrderResponsibleScope",
              "Label": "none",
              "Scope": "{{userId}}"
            },
            {
              "Type": "OrderSelectedStoreScope"
            }
          ]
        },
        {
          "Id": "catalog:update",
          "Name": "catalog:update",
          "GroupName": "Catalog",
          "AssignedScopes": [],
          "AvailableScopes": [
            {
              "Type": "SelectedCatalogScope"
            }
          ]
        },
        {
          "Id": "catalog:import",
          "Name": "catalog:import",
          "GroupName": "Catalog",
          "AssignedScopes": [],
          "AvailableScopes": []
        },
        {
          "Id": "content:delete",
          "Name": "content:delete",
          "ModuleId": "VirtoCommerce.Content",
          "GroupName": "Content",
          "AssignedScopes": [],
          "AvailableScopes": []
        },
        {
          "Id": "order:delete",
          "Name": "order:delete",
          "ModuleId": "VirtoCommerce.Orders",
          "GroupName": "Orders",
          "AssignedScopes": [],
          "AvailableScopes": [
            {
              "Type": "OnlyOrderResponsibleScope",
              "Label": "none",
              "Scope": "{{userId}}"
            },
            {
              "Type": "OrderSelectedStoreScope"
            }
          ]
        },
        {
          "Id": "order:read",
          "Name": "order:read",
          "ModuleId": "VirtoCommerce.Orders",
          "GroupName": "Orders",
          "AssignedScopes": [],
          "AvailableScopes": [
            {
              "Type": "OnlyOrderResponsibleScope",
              "Label": "none",
              "Scope": "{{userId}}"
            },
            {
              "Type": "OrderSelectedStoreScope"
            }
          ]
        },
        {
          "Id": "store:access",
          "Name": "store:access",
          "ModuleId": "VirtoCommerce.Store",
          "GroupName": "Store",
          "AssignedScopes": [],
          "AvailableScopes": []
        },
        {
          "Id": "store:delete",
          "Name": "store:delete",
          "ModuleId": "VirtoCommerce.Store",
          "GroupName": "Store",
          "AssignedScopes": [],
          "AvailableScopes": [
            {
              "Type": "StoreSelectedScope"
            }
          ]
        },
        {
          "Id": "catalog:access",
          "Name": "catalog:access",
          "GroupName": "Catalog",
          "AssignedScopes": [],
          "AvailableScopes": []
        }
      ],
      "Id": "21e43f94805e4315ad877de0a19a9263",
      "Name": "Electronic  store administrator",
      "NormalizedName": "ELECTRONIC  STORE ADMINISTRATOR",
      "ConcurrencyStamp": "b0bf3fd7-4ac9-4f93-99a0-837e4b42f83c"
    },
    {
      "Description": "Supervise all orders from Clothing store",
      "Permissions": [
        {
          "Id": "order:access",
          "Name": "order:access",
          "ModuleId": "VirtoCommerce.Orders",
          "GroupName": "Orders",
          "AssignedScopes": [],
          "AvailableScopes": []
        },
        {
          "Id": "order:update",
          "Name": "order:update",
          "ModuleId": "VirtoCommerce.Orders",
          "GroupName": "Orders",
          "AssignedScopes": [],
          "AvailableScopes": [
            {
              "Type": "OnlyOrderResponsibleScope",
              "Label": "none",
              "Scope": "{{userId}}"
            },
            {
              "Type": "OrderSelectedStoreScope"
            }
          ]
        },
        {
          "Id": "order:delete",
          "Name": "order:delete",
          "ModuleId": "VirtoCommerce.Orders",
          "GroupName": "Orders",
          "AssignedScopes": [],
          "AvailableScopes": [
            {
              "Type": "OnlyOrderResponsibleScope",
              "Label": "none",
              "Scope": "{{userId}}"
            },
            {
              "Type": "OrderSelectedStoreScope"
            }
          ]
        },
        {
          "Id": "order:read",
          "Name": "order:read",
          "ModuleId": "VirtoCommerce.Orders",
          "GroupName": "Orders",
          "AssignedScopes": [],
          "AvailableScopes": [
            {
              "Type": "OnlyOrderResponsibleScope",
              "Label": "none",
              "Scope": "{{userId}}"
            },
            {
              "Type": "OrderSelectedStoreScope"
            }
          ]
        },
        {
          "Id": "order:create",
          "Name": "order:create",
          "ModuleId": "VirtoCommerce.Orders",
          "GroupName": "Orders",
          "AssignedScopes": [],
          "AvailableScopes": []
        }
      ],
      "Id": "50a966a5040d4166852f4827cf892e83",
      "Name": "Clothing order supervisor",
      "NormalizedName": "CLOTHING ORDER SUPERVISOR",
      "ConcurrencyStamp": "f2f74ea3-afa3-47e2-8a63-8f64012d0d10"
    },
    {
      "Description": "Working with only accestory category of Clothing catalog",
      "Permissions": [
        {
          "Id": "catalog:update",
          "Name": "catalog:update",
          "GroupName": "Catalog",
          "AssignedScopes": [],
          "AvailableScopes": [
            {
              "Type": "SelectedCatalogScope"
            }
          ]
        },
        {
          "Id": "catalog:read",
          "Name": "catalog:read",
          "GroupName": "Catalog",
          "AssignedScopes": [],
          "AvailableScopes": [
            {
              "Type": "SelectedCatalogScope"
            }
          ]
        },
        {
          "Id": "catalog:delete",
          "Name": "catalog:delete",
          "GroupName": "Catalog",
          "AssignedScopes": [],
          "AvailableScopes": [
            {
              "Type": "SelectedCatalogScope"
            }
          ]
        },
        {
          "Id": "catalog:access",
          "Name": "catalog:access",
          "GroupName": "Catalog",
          "AssignedScopes": [],
          "AvailableScopes": []
        },
        {
          "Id": "catalog:create",
          "Name": "catalog:create",
          "GroupName": "Catalog",
          "AssignedScopes": [],
          "AvailableScopes": []
        }
      ],
      "Id": "87105cd4bcf940adad11a7b83fe2913c",
      "Name": "Clothing accessory category manager",
      "NormalizedName": "CLOTHING ACCESSORY CATEGORY MANAGER",
      "ConcurrencyStamp": "57ee1e89-c47f-4c02-b97c-efec3073faf9"
    },
    {
      "Description": "Worked with only with self assigned orders",
      "Permissions": [
        {
          "Id": "order:access",
          "Name": "order:access",
          "ModuleId": "VirtoCommerce.Orders",
          "GroupName": "Orders",
          "AssignedScopes": [],
          "AvailableScopes": []
        },
        {
          "Id": "order:update",
          "Name": "order:update",
          "ModuleId": "VirtoCommerce.Orders",
          "GroupName": "Orders",
          "AssignedScopes": [],
          "AvailableScopes": [
            {
              "Type": "OnlyOrderResponsibleScope",
              "Label": "none",
              "Scope": "{{userId}}"
            },
            {
              "Type": "OrderSelectedStoreScope"
            }
          ]
        },
        {
          "Id": "order:read",
          "Name": "order:read",
          "ModuleId": "VirtoCommerce.Orders",
          "GroupName": "Orders",
          "AssignedScopes": [],
          "AvailableScopes": [
            {
              "Type": "OnlyOrderResponsibleScope",
              "Label": "none",
              "Scope": "{{userId}}"
            },
            {
              "Type": "OrderSelectedStoreScope"
            }
          ]
        },
        {
          "Id": "order:create",
          "Name": "order:create",
          "ModuleId": "VirtoCommerce.Orders",
          "GroupName": "Orders",
          "AssignedScopes": [],
          "AvailableScopes": []
        },
        {
          "Id": "order:delete",
          "Name": "order:delete",
          "ModuleId": "VirtoCommerce.Orders",
          "GroupName": "Orders",
          "AssignedScopes": [],
          "AvailableScopes": [
            {
              "Type": "OnlyOrderResponsibleScope",
              "Label": "none",
              "Scope": "{{userId}}"
            },
            {
              "Type": "OrderSelectedStoreScope"
            }
          ]
        }
      ],
      "Id": "c6bd04db2f3744bb83c245c84375fc66",
      "Name": "Order manager",
      "NormalizedName": "ORDER MANAGER",
      "ConcurrencyStamp": "386a5335-7326-45aa-81bd-2273f1465f32"
    },
    {
      "Description": "This role allow to use web api",
      "Permissions": [
        {
          "Id": "security:call_api",
          "Name": "security:call_api",
          "GroupName": "Platform",
          "AssignedScopes": [],
          "AvailableScopes": []
        }
      ],
      "Id": "e75700bb597948cca7962e0bbcfdb97c",
      "Name": "Use api",
      "NormalizedName": "USE API",
      "ConcurrencyStamp": "f01e316b-a056-4398-925f-53f5dea31d03"
    },
    {
      "Permissions": [
        {
          "Id": "storefront:organization:view",
          "Name": "storefront:organization:view",
          "AssignedScopes": [],
          "AvailableScopes": []
        }
      ],
      "Id": "org-employee",
      "Name": "Organization employee",
      "NormalizedName": "ORGANIZATION EMPLOYEE",
      "ConcurrencyStamp": "aa220a02-4ebd-4607-bcaa-eb4e7f99d1af"
    },
    {
      "Permissions": [
        {
          "Id": "storefront:user:view",
          "Name": "storefront:user:view",
          "AssignedScopes": [],
          "AvailableScopes": []
        },
        {
          "Id": "storefront:user:create",
          "Name": "storefront:user:create",
          "AssignedScopes": [],
          "AvailableScopes": []
        },
        {
          "Id": "storefront:organization:view",
          "Name": "storefront:organization:view",
          "AssignedScopes": [],
          "AvailableScopes": []
        },
        {
          "Id": "storefront:user:delete",
          "Name": "storefront:user:delete",
          "AssignedScopes": [],
          "AvailableScopes": []
        },
        {
          "Id": "storefront:organization:edit",
          "Name": "storefront:organization:edit",
          "AssignedScopes": [],
          "AvailableScopes": []
        },
        {
          "Id": "storefront:user:edit",
          "Name": "storefront:user:edit",
          "AssignedScopes": [],
          "AvailableScopes": []
        },
        {
          "Id": "storefront:user:invite",
          "Name": "storefront:user:invite",
          "AssignedScopes": [],
          "AvailableScopes": []
        }
      ],
      "Id": "org-maintainer",
      "Name": "Organization maintainer",
      "NormalizedName": "ORGANIZATION MAINTAINER",
      "ConcurrencyStamp": "3f56bbdb-21b2-4a1c-8892-445a5ef69651"
    },
    {
      "Permissions": [
        {
          "Id": "storefront:organization:view",
          "Name": "storefront:organization:view",
          "AssignedScopes": [],
          "AvailableScopes": []
        }
      ],
      "Id": "purchasing-agent",
      "Name": "Purchasing agent",
      "NormalizedName": "PURCHASING AGENT",
      "ConcurrencyStamp": "1333d987-80fa-4c78-ad72-eeffc59d84f8"
    },
    {
      "Permissions": [
        {
          "Id": "storefront:user:view",
          "Name": "storefront:user:view",
          "AssignedScopes": [],
          "AvailableScopes": []
        },
        {
          "Id": "storefront:user:create",
          "Name": "storefront:user:create",
          "AssignedScopes": [],
          "AvailableScopes": []
        },
        {
          "Id": "storefront:organization:view",
          "Name": "storefront:organization:view",
          "AssignedScopes": [],
          "AvailableScopes": []
        },
        {
          "Id": "storefront:user:delete",
          "Name": "storefront:user:delete",
          "AssignedScopes": [],
          "AvailableScopes": []
        },
        {
          "Id": "storefront:organization:edit",
          "Name": "storefront:organization:edit",
          "AssignedScopes": [],
          "AvailableScopes": []
        },
        {
          "Id": "storefront:user:edit",
          "Name": "storefront:user:edit",
          "AssignedScopes": [],
          "AvailableScopes": []
        },
        {
          "Id": "storefront:user:invite",
          "Name": "storefront:user:invite",
          "AssignedScopes": [],
          "AvailableScopes": []
        },
        {
          "Id": "storefront:order:view",
          "Name": "storefront:order:view",
          "AssignedScopes": [],
          "AvailableScopes": []
        },
        {
          "Id": "storefront:order:changestatus",
          "Name": "storefront:order:changestatus",
          "AssignedScopes": [],
          "AvailableScopes": []
        }
      ],
      "Id": "store-admin",
      "Name": "Store administrator",
      "NormalizedName": "STORE ADMINISTRATOR",
      "ConcurrencyStamp": "df827386-ce49-466c-99c5-930d4aa5c7b7"
    },
    {
      "Permissions": [
        {
          "Id": "storefront:organization:view",
          "Name": "storefront:organization:view",
          "AssignedScopes": [],
          "AvailableScopes": []
        },
        {
          "Id": "storefront:order:view",
          "Name": "storefront:order:view",
          "AssignedScopes": [],
          "AvailableScopes": []
        },
        {
          "Id": "storefront:order:changestatus",
          "Name": "storefront:order:changestatus",
          "AssignedScopes": [],
          "AvailableScopes": []
        }
      ],
      "Id": "store-manager",
      "Name": "Store manager",
      "NormalizedName": "STORE MANAGER",
      "ConcurrencyStamp": "1272e50a-86e9-47aa-9286-871074639278"
    }],
    "Users":[
    {
      "StoreId": "B2B-store",
      "MemberId": "c43afe1f-15b8-421c-a1c0-5ef1ca41b4bd",
      "IsAdministrator": false,
      "UserType": "Customer",
      "Roles": [
        {
          "Permissions": [
            {
              "Id": "storefront:organization:view",
              "Name": "storefront:organization:view",
              "AssignedScopes": [],
              "AvailableScopes": []
            }
          ],
          "Id": "purchasing-agent",
          "Name": "Purchasing agent",
          "NormalizedName": "PURCHASING AGENT",
          "ConcurrencyStamp": "1333d987-80fa-4c78-ad72-eeffc59d84f8"
        }
      ],
      "Permissions": [
        "storefront:organization:view"
      ],
      "PasswordExpired": false,
      "Id": "04296d86-5afc-4f8f-9481-0cb28a7c13f8",
      "UserName": "b2bagent",
      "NormalizedUserName": "B2BAGENT",
      "Email": "b2bagent@test.com",
      "NormalizedEmail": "B2BAGENT@TEST.COM",
      "EmailConfirmed": false,
      "PasswordHash": "AQAAAAEAACcQAAAAENtvYwMUp5lQdi3HQaEdB2Sy2iWK+WZRr0xlQPfyWL3sJFps5Z/Sh1Yf81WHAnWvIA==",
      "SecurityStamp": "3NK7BTUMZAXURSWRL3UMUAJGK3NVHSEF",
      "ConcurrencyStamp": "71a511e6-8c2a-4a00-b9e1-5275df2eaff5",
      "PhoneNumberConfirmed": false,
      "TwoFactorEnabled": false,
      "LockoutEnabled": true,
      "AccessFailedCount": 0
    },
    {
      "StoreId": "B2B-store",
      "MemberId": "5002a7b4-d51c-4e07-a95f-b0f5486f4fe3",
      "IsAdministrator": false,
      "UserType": "Customer",
      "Roles": [
        {
          "Permissions": [
            {
              "Id": "storefront:organization:view",
              "Name": "storefront:organization:view",
              "AssignedScopes": [],
              "AvailableScopes": []
            }
          ],
          "Id": "org-employee",
          "Name": "Organization employee",
          "NormalizedName": "ORGANIZATION EMPLOYEE",
          "ConcurrencyStamp": "a7ff0724-d590-452d-9e11-cc529a84812b"
        }
      ],
      "Permissions": [
        "storefront:organization:view"
      ],
      "PasswordExpired": false,
      "Id": "70894461-3b9b-44f9-b823-e50541a43132",
      "UserName": "b2bemployee",
      "NormalizedUserName": "B2BEMPLOYEE",
      "Email": "b2bemployee@test.com",
      "NormalizedEmail": "B2BEMPLOYEE@TEST.COM",
      "EmailConfirmed": false,
      "PasswordHash": "AQAAAAEAACcQAAAAEFgGB1PedsuMLzQw3CbNRudSpo6gFyUGu9f1BuJstYSYYvXqyq0cNCGkVkNiZjMebA==",
      "SecurityStamp": "MCTBC3BXG5MFIZFJJCD2N3VSCFQXFVA5",
      "ConcurrencyStamp": "f30b8028-f108-4f17-852d-8831b5553d19",
      "PhoneNumberConfirmed": false,
      "TwoFactorEnabled": false,
      "LockoutEnabled": true,
      "AccessFailedCount": 0
    },
    {
      "StoreId": "B2B-store",
      "MemberId": "cb0a5340-f9fb-4f49-bd62-9d03518868ff",
      "IsAdministrator": false,
      "UserType": "Customer",
      "Roles": [
        {
          "Permissions": [
            {
              "Id": "storefront:user:view",
              "Name": "storefront:user:view",
              "AssignedScopes": [],
              "AvailableScopes": []
            },
            {
              "Id": "storefront:user:create",
              "Name": "storefront:user:create",
              "AssignedScopes": [],
              "AvailableScopes": []
            },
            {
              "Id": "storefront:organization:view",
              "Name": "storefront:organization:view",
              "AssignedScopes": [],
              "AvailableScopes": []
            },
            {
              "Id": "storefront:user:delete",
              "Name": "storefront:user:delete",
              "AssignedScopes": [],
              "AvailableScopes": []
            },
            {
              "Id": "storefront:organization:edit",
              "Name": "storefront:organization:edit",
              "AssignedScopes": [],
              "AvailableScopes": []
            },
            {
              "Id": "storefront:user:edit",
              "Name": "storefront:user:edit",
              "AssignedScopes": [],
              "AvailableScopes": []
            },
            {
              "Id": "storefront:user:invite",
              "Name": "storefront:user:invite",
              "AssignedScopes": [],
              "AvailableScopes": []
            }
          ],
          "Id": "org-maintainer",
          "Name": "Organization maintainer",
          "NormalizedName": "ORGANIZATION MAINTAINER",
          "ConcurrencyStamp": "f348f76d-fb8b-4a5c-b7c3-61419fbf4cfe"
        }
      ],      
      "Permissions": [
        "storefront:user:view",
        "storefront:user:create",
        "storefront:organization:view",
        "storefront:user:delete",
        "storefront:organization:edit",
        "storefront:user:edit",
        "storefront:user:invite"
      ],      
      "PasswordExpired": false,
      "Id": "78b0208a-bb52-4a33-9250-583d63aa1f77",
      "UserName": "b2badmin",
      "NormalizedUserName": "B2BADMIN",
      "Email": "b2badmin@test.com",
      "NormalizedEmail": "B2BADMIN@TEST.COM",
      "EmailConfirmed": false,
      "PasswordHash": "AQAAAAEAACcQAAAAEAab+YiCyf/svuuT/XAIRel8nZN+K4E37zR5m+37lyUJF/Tqnk0gK5s/64+rMQfm2A==",
      "SecurityStamp": "AG3VCKDES6C4VB6XPKJADWASPIUHUYN6",
      "ConcurrencyStamp": "119d8f95-835b-46ae-b385-d18c5eeec0aa",
      "PhoneNumberConfirmed": false,
      "TwoFactorEnabled": false,
      "LockoutEnabled": true,
      "AccessFailedCount": 0
    },
    {
      "StoreId": "Electronics",
      "MemberId": "0a773137-7ac5-4ebc-8d24-94419ed988b6",
      "IsAdministrator": true,
      "UserType": "SiteAdministrator",
      "Roles": [],
      "PasswordExpired": false,
      "Id": "0a773137-7ac5-4ebc-8d24-94419ed988b6",
      "UserName": "operator@mail.com",
      "NormalizedUserName": "OPERATOR@MAIL.COM",
      "NormalizedEmail": "OPERATOR@MAIL.COM",
      "Email": "operator@mail.com",
      "EmailConfirmed": false,
      "PasswordHash": "ADSlgJjea5Gg2fd+R581JaQ1cWVGE5RFHKH13W5sPmrFfPt00qgGtG860h2X8Q+1nw==",
      "SecurityStamp": "FHK4I7EJ6RWLFXPXIW4LJ2WEZJ3F5PVT",
      "ConcurrencyStamp": "34982c4f-8f1f-47e5-bd0e-8177cdcc2cf4",
      "PhoneNumberConfirmed": false,
      "TwoFactorEnabled": false,
      "LockoutEnabled": true,
      "AccessFailedCount": 0
    },
    {
      "StoreId": "Electronics",
      "MemberId": "0cda0396-43fe-4034-a20e-d0bab4c88c93",
      "IsAdministrator": false,
      "UserType": "Customer",
      "Roles": [],
      "PasswordExpired": false,
      "Id": "0cda0396-43fe-4034-a20e-d0bab4c88c93",
      "UserName": "georgebas@example.com",
      "NormalizedUserName": "GEORGEBAS@EXAMPLE.COM",
      "Email": "georgebas@example.com",
      "NormalizedEmail": "GEORGEBAS@EXAMPLE.COM",
      "EmailConfirmed": false,
      "SecurityStamp": "N7D3RBPC43UB2TTZQROZJYJL5MNO6FWI",
      "ConcurrencyStamp": "90ab4d86-1aef-4716-b95d-495255d02b7b",
      "PhoneNumberConfirmed": false,
      "TwoFactorEnabled": false,
      "LockoutEnabled": true,
      "AccessFailedCount": 0
    },
    {
      "IsAdministrator": true,
      "UserType": "Administrator",
      "Roles": [],
      "PasswordExpired": false,
      "Id": "1eb2fa8ac6574541afdb525833dadb46",
      "UserName": "admin",
      "NormalizedUserName": "ADMIN",
      "Email": "admin@vc-demostore.com",
      "NormalizedEmail": "ADMIN@VC-DEMOSTORE.COM",
      "EmailConfirmed": false,
      "PasswordHash": "AQAAAAEAACcQAAAAENijc+DQ7sFWPu9SSBG7NPQ3teagDkpzuePmOQD31XHlhpwn2DqfHsfVT/plLOkNhw==",
      "SecurityStamp": "5WCNSVQWDJ2AFNHSRKIF2H72R2TXLN2F",
      "ConcurrencyStamp": "849efe45-2c3f-43a4-8898-5169833a17f1",
      "PhoneNumberConfirmed": false,
      "TwoFactorEnabled": false,
      "LockoutEnabled": false,
      "AccessFailedCount": 0
    },
    {
      "StoreId": "Electronics",
      "MemberId": "237a4784-d25f-419e-b4d7-cf151393d1cc",
      "IsAdministrator": false,
      "UserType": "Customer",
      "Roles": [],
      "PasswordExpired": false,
      "Id": "237a4784-d25f-419e-b4d7-cf151393d1cc",
      "UserName": "whity@example.com",
      "NormalizedUserName": "WHITY@EXAMPLE.COM",
      "Email": "whity@example.com",
      "NormalizedEmail": "WHITY@EXAMPLE.COM",
      "EmailConfirmed": false,
      "SecurityStamp": "4AIGIPATEY2IBGWRWJ7D6VA5BQYN7KAE",
      "ConcurrencyStamp": "770f75ae-d559-425c-990b-dd237184984c",
      "PhoneNumberConfirmed": false,
      "TwoFactorEnabled": false,
      "LockoutEnabled": true,
      "AccessFailedCount": 0
    },
    {
      "StoreId": "Electronics",
      "MemberId": "42e9ad63-cfe5-4ef8-b5e3-c86522c22d84",
      "IsAdministrator": false,
      "UserType": "Customer",
      "Roles": [],
      "PasswordExpired": false,
      "Id": "42e9ad63-cfe5-4ef8-b5e3-c86522c22d84",
      "UserName": "calfor99@example.com",
      "NormalizedUserName": "CALFOR99@EXAMPLE.COM",
      "Email": "calfor99@example.com",
      "NormalizedEmail": "CALFOR99@EXAMPLE.COM",
      "EmailConfirmed": false,
      "SecurityStamp": "JEO4VQGP7YUTK3UG5DXW5RBPOMP6ANSV",
      "ConcurrencyStamp": "51eca321-a286-4697-aa7d-ee6360e77b3d",
      "PhoneNumberConfirmed": false,
      "TwoFactorEnabled": false,
      "LockoutEnabled": true,
      "AccessFailedCount": 0
    },
    {
      "StoreId": "Electronics",
      "MemberId": "5f807280-bb1a-42b2-9a96-ed107269ea06",
      "IsAdministrator": false,
      "UserType": "Customer",
      "Roles": [],
      "PasswordExpired": false,
      "Id": "5f807280-bb1a-42b2-9a96-ed107269ea06",
      "UserName": "goal44@example.com",
      "NormalizedUserName": "GOAL44@EXAMPLE.COM",
      "Email": "goal44@example.com",
      "NormalizedEmail": "GOAL44@EXAMPLE.COM",
      "EmailConfirmed": false,
      "SecurityStamp": "64KX33ELG5AU6AYTRAXPVXRAI7OPQ7JM",
      "ConcurrencyStamp": "19ae7e3d-45fa-49cc-b4a1-a47d40e2fd1d",
      "PhoneNumberConfirmed": false,
      "TwoFactorEnabled": false,
      "LockoutEnabled": true,
      "AccessFailedCount": 0
    },
    {
      "StoreId": "Electronics",
      "MemberId": "820c58c5-b518-454b-aefd-2fc4616bd25e",
      "IsAdministrator": false,
      "UserType": "Customer",
      "Roles": [],
      "PasswordExpired": false,
      "Id": "820c58c5-b518-454b-aefd-2fc4616bd25e",
      "UserName": "bomba89@example.com",
      "NormalizedUserName": "BOMBA89@EXAMPLE.COM",
      "Email": "bomba89@example.com",
      "NormalizedEmail": "BOMBA89@EXAMPLE.COM",
      "EmailConfirmed": false,
      "PasswordHash": "AHQSmKnSLYrzj9vtdDWWnUXojjpmuDW2cHvWloGL9UL3TC9UCfBmbIuR2YCyg4BpNg==",
      "SecurityStamp": "BW2XCJQ7XHKTLZVG6DLVKRO2J4N2BCQJ",
      "ConcurrencyStamp": "0871b5a5-124c-4517-9367-f4eea6744b7f",
      "PhoneNumberConfirmed": false,
      "TwoFactorEnabled": false,
      "LockoutEnabled": true,
      "AccessFailedCount": 0
    },
    {
      "IsAdministrator": true,
      "UserType": "Administrator",
      "Roles": [],
      "PasswordExpired": false,
      "Id": "9b605a3096ba4cc8bc0b8d80c397c59f",
      "UserName": "frontend",
      "NormalizedUserName": "FRONTEND",
      "Email": "frontend@vc-demostore.com",
      "NormalizedEmail": "FRONTEND@VC-DEMOSTORE.COM",
      "EmailConfirmed": false,
      "SecurityStamp": "JIFUNMMODE5LWO7ODUM2BKCNSWNJQQ7K",
      "ConcurrencyStamp": "1ae39798-547c-4459-9095-1f3c6a1cf33d",
      "PhoneNumberConfirmed": false,
      "TwoFactorEnabled": false,
      "LockoutEnabled": true,
      "AccessFailedCount": 1
    },
    {
      "StoreId": "Electronics",
      "MemberId": "a53bdfba-3ace-455a-90f0-70b6f7dba618",
      "IsAdministrator": false,
      "UserType": "Customer",
      "Roles": [],
      "PasswordExpired": false,
      "Id": "a53bdfba-3ace-455a-90f0-70b6f7dba618",
      "UserName": "test@mail.com",
      "NormalizedUserName": "TEST@MAIL.COM",
      "Email": "test@mail.com",
      "NormalizedEmail": "TEST@MAIL.COM",
      "EmailConfirmed": false,
      "PasswordHash": "AMr5Nm5c/9orDemW1Kz4b6W+IGakXHJuqhCPp1KmIG0JdfVcWcxlikIoF1LOubb+CQ==",
      "SecurityStamp": "FI6KO4MTJMVUCDX34CWGFCW7CBXBJAO4",
      "ConcurrencyStamp": "cfdc5356-ff52-428d-92c9-a0680ac0d6ae",
      "PhoneNumberConfirmed": false,
      "TwoFactorEnabled": false,
      "LockoutEnabled": true,
      "AccessFailedCount": 0
    },
    {
      "StoreId": "Electronics",
      "MemberId": "d2d9b741-5453-4ad8-aa46-d07478b9a931",
      "IsAdministrator": false,
      "UserType": "Customer",
      "Roles": [],
      "PasswordExpired": false,
      "Id": "d2d9b741-5453-4ad8-aa46-d07478b9a931",
      "UserName": "barbar@example.com",
      "NormalizedUserName": "BARBAR@EXAMPLE.COM",
      "Email": "barbar@example.com",
      "NormalizedEmail": "BARBAR@EXAMPLE.COM",
      "EmailConfirmed": false,
      "SecurityStamp": "GGOXPWP7SQ4XVJIPNJK4KUVTX4AHMIZR",
      "ConcurrencyStamp": "b75f1399-aabb-43f0-8b00-cc9f7389a41f",
      "PhoneNumberConfirmed": false,
      "TwoFactorEnabled": false,
      "LockoutEnabled": true,
      "AccessFailedCount": 0
    },
    {
      "StoreId": "Electronics",
      "MemberId": "6ce84e68d1944cab8715bb8302a67159",
      "IsAdministrator": false,
      "Roles": [],
      "PasswordExpired": false,
      "Id": "de79b21b-a8b1-4dae-bc8d-fbce20d21f17",
      "UserName": "test_user@mail.com",
      "NormalizedUserName": "TEST_USER@MAIL.COM",
      "Email": "test_user@mail.com",
      "NormalizedEmail": "TEST_USER@MAIL.COM",
      "EmailConfirmed": false,
      "PasswordHash": "AHSedGcBSJtzLsPD+p0J10Y9W2rbme/dnl7XwelSKfS9i/+WVvnVSf2UjUOaTeuQiQ==",
      "SecurityStamp": "SWU2PS62A5QWX2NWJ5526T7GL4ZTPGTQ",
      "ConcurrencyStamp": "1915a4e7-3aeb-49ca-87b7-f4eb8dd637c6",
      "PhoneNumberConfirmed": false,
      "TwoFactorEnabled": false,
      "LockoutEnabled": true,
      "AccessFailedCount": 0
    },
    {
      "MemberId": "f320f84c-59e2-4443-8647-faa30bb9bea6",
      "IsAdministrator": false,
      "UserType": "Manager",
      "Roles": [
        {
          "Description": "Working only with electronic store. catalogs,  orders and cms",
          "Permissions": [
            {
              "Id": "content:create",
              "Name": "content:create",
              "ModuleId": "VirtoCommerce.Content",
              "GroupName": "Content",
              "AssignedScopes": [],
              "AvailableScopes": []
            },
            {
              "Id": "store:update",
              "Name": "store:update",
              "ModuleId": "VirtoCommerce.Store",
              "GroupName": "Store",
              "AssignedScopes": [],
              "AvailableScopes": [
                {
                  "Type": "StoreSelectedScope"
                }
              ]
            },
            {
              "Id": "catalog:export",
              "Name": "catalog:export",
              "GroupName": "Catalog",
              "AssignedScopes": [],
              "AvailableScopes": []
            },
            {
              "Id": "content:read",
              "Name": "content:read",
              "ModuleId": "VirtoCommerce.Content",
              "GroupName": "Content",
              "AssignedScopes": [],
              "AvailableScopes": []
            },
            {
              "Id": "store:read",
              "Name": "store:read",
              "ModuleId": "VirtoCommerce.Store",
              "GroupName": "Store",
              "AssignedScopes": [],
              "AvailableScopes": [
                {
                  "Type": "StoreSelectedScope"
                }
              ]
            },
            {
              "Id": "order:access",
              "Name": "order:access",
              "ModuleId": "VirtoCommerce.Orders",
              "GroupName": "Orders",
              "AssignedScopes": [],
              "AvailableScopes": []
            },
            {
              "Id": "order:create",
              "Name": "order:create",
              "ModuleId": "VirtoCommerce.Orders",
              "GroupName": "Orders",
              "AssignedScopes": [],
              "AvailableScopes": []
            },
            {
              "Id": "content:update",
              "Name": "content:update",
              "ModuleId": "VirtoCommerce.Content",
              "GroupName": "Content",
              "AssignedScopes": [],
              "AvailableScopes": []
            },
            {
              "Id": "content:access",
              "Name": "content:access",
              "ModuleId": "VirtoCommerce.Content",
              "GroupName": "Content",
              "AssignedScopes": [],
              "AvailableScopes": []
            },
            {
              "Id": "catalog:delete",
              "Name": "catalog:delete",
              "GroupName": "Catalog",
              "AssignedScopes": [],
              "AvailableScopes": [
                {
                  "Type": "SelectedCatalogScope"
                }
              ]
            },
            {
              "Id": "catalog:read",
              "Name": "catalog:read",
              "GroupName": "Catalog",
              "AssignedScopes": [],
              "AvailableScopes": [
                {
                  "Type": "SelectedCatalogScope"
                }
              ]
            },
            {
              "Id": "store:create",
              "Name": "store:create",
              "ModuleId": "VirtoCommerce.Store",
              "GroupName": "Store",
              "AssignedScopes": [],
              "AvailableScopes": []
            },
            {
              "Id": "catalog:create",
              "Name": "catalog:create",
              "GroupName": "Catalog",
              "AssignedScopes": [],
              "AvailableScopes": []
            },
            {
              "Id": "order:update",
              "Name": "order:update",
              "ModuleId": "VirtoCommerce.Orders",
              "GroupName": "Orders",
              "AssignedScopes": [],
              "AvailableScopes": [
                {
                  "Type": "OnlyOrderResponsibleScope",
                  "Label": "none",
                  "Scope": "{{userId}}"
                },
                {
                  "Type": "OrderSelectedStoreScope"
                }
              ]
            },
            {
              "Id": "catalog:update",
              "Name": "catalog:update",
              "GroupName": "Catalog",
              "AssignedScopes": [],
              "AvailableScopes": [
                {
                  "Type": "SelectedCatalogScope"
                }
              ]
            },
            {
              "Id": "catalog:import",
              "Name": "catalog:import",
              "GroupName": "Catalog",
              "AssignedScopes": [],
              "AvailableScopes": []
            },
            {
              "Id": "content:delete",
              "Name": "content:delete",
              "ModuleId": "VirtoCommerce.Content",
              "GroupName": "Content",
              "AssignedScopes": [],
              "AvailableScopes": []
            },
            {
              "Id": "order:delete",
              "Name": "order:delete",
              "ModuleId": "VirtoCommerce.Orders",
              "GroupName": "Orders",
              "AssignedScopes": [],
              "AvailableScopes": [
                {
                  "Type": "OnlyOrderResponsibleScope",
                  "Label": "none",
                  "Scope": "{{userId}}"
                },
                {
                  "Type": "OrderSelectedStoreScope"
                }
              ]
            },
            {
              "Id": "order:read",
              "Name": "order:read",
              "ModuleId": "VirtoCommerce.Orders",
              "GroupName": "Orders",
              "AssignedScopes": [],
              "AvailableScopes": [
                {
                  "Type": "OnlyOrderResponsibleScope",
                  "Label": "none",
                  "Scope": "{{userId}}"
                },
                {
                  "Type": "OrderSelectedStoreScope"
                }
              ]
            },
            {
              "Id": "store:access",
              "Name": "store:access",
              "ModuleId": "VirtoCommerce.Store",
              "GroupName": "Store",
              "AssignedScopes": [],
              "AvailableScopes": []
            },
            {
              "Id": "store:delete",
              "Name": "store:delete",
              "ModuleId": "VirtoCommerce.Store",
              "GroupName": "Store",
              "AssignedScopes": [],
              "AvailableScopes": [
                {
                  "Type": "StoreSelectedScope"
                }
              ]
            },
            {
              "Id": "catalog:access",
              "Name": "catalog:access",
              "GroupName": "Catalog",
              "AssignedScopes": [],
              "AvailableScopes": []
            }
          ],
          "Id": "21e43f94805e4315ad877de0a19a9263",
          "Name": "Electronic  store administrator",
          "NormalizedName": "ELECTRONIC  STORE ADMINISTRATOR",
          "ConcurrencyStamp": "b0bf3fd7-4ac9-4f93-99a0-837e4b42f83c"
        },
        {
          "Description": "This role allow to use web api",
          "Permissions": [
            {
              "Id": "security:call_api",
              "Name": "security:call_api",
              "GroupName": "Platform",
              "AssignedScopes": [],
              "AvailableScopes": []
            }
          ],
          "Id": "e75700bb597948cca7962e0bbcfdb97c",
          "Name": "Use api",
          "NormalizedName": "USE API",
          "ConcurrencyStamp": "f01e316b-a056-4398-925f-53f5dea31d03"
        }
      ],
      "PasswordExpired": false,
      "Id": "f320f84c-59e2-4443-8647-faa30bb9bea6",
      "UserName": "demo",
      "NormalizedUserName": "DEMO",
      "Email": "demo@vc-demostore.com",
      "NormalizedEmail": "DEMO@VC-DEMOSTORE.COM",
      "EmailConfirmed": false,
      "PasswordHash": "AKgVinv+B6ThrOkMhpTXleggfuPzQpL6+9IjkoaRJ7GX7Al/1mBQhdrboN3PoLl1RQ==",
      "SecurityStamp": "Q3QGPU4QVBATIPRYVGHM2EHZQJD2M3UF",
      "ConcurrencyStamp": "e2130901-61e6-4bbc-a3e4-b089f2f432b2",
      "PhoneNumberConfirmed": false,
      "TwoFactorEnabled": false,
      "LockoutEnabled": true,
      "AccessFailedCount": 0
    }],
    "Settings":[
    {
      "ItHasValues": true,
      "RestartRequired": false,
      "ModuleId": "VirtoCommerce.Catalog",
      "GroupName": "Catalog|General",
      "Name": "Catalog.AssociationGroups",
      "ValueType": 0,
      "AllowedValues": [
        "Accessories",
        "Related Items"
      ],
      "IsDictionary": true
    },
    {
      "ItHasValues": true,
      "RestartRequired": false,
      "ModuleId": "VirtoCommerce.Catalog",
      "GroupName": "Catalog|General",
      "Name": "Catalog.EditorialReviewTypes",
      "ValueType": 0,
      "AllowedValues": [
        "QuickReview",
        "FullReview"
      ],
      "DefaultValue": "QuickReview",
      "IsDictionary": true
    },
    {
      "ItHasValues": true,
      "Value": true,
      "RestartRequired": false,
      "ModuleId": "VirtoCommerce.Catalog",
      "GroupName": "Catalog|Search",
      "Name": "Catalog.Search.UseCatalogIndexedSearchInManager",
      "ValueType": 5,
      "DefaultValue": true,
      "IsDictionary": false
    },
    {
      "ItHasValues": true,
      "Value": false,
      "RestartRequired": false,
      "ModuleId": "VirtoCommerce.Catalog",
      "GroupName": "Catalog|Search",
      "Name": "Catalog.Search.UseFullObjectIndexStoring",
      "ValueType": 5,
      "DefaultValue": false,
      "IsDictionary": false
    },
    {
      "ItHasValues": true,
      "RestartRequired": false,
      "ModuleId": "VirtoCommerce.Core",
      "GroupName": "Core|General",
      "Name": "VirtoCommerce.Core.General.WeightUnits",
      "ValueType": 0,
      "AllowedValues": [
        "gram",
        "ounce",
        "pound"
      ],
      "DefaultValue": "gram",
      "IsDictionary": true
    },
    {
      "ItHasValues": true,
      "RestartRequired": false,
      "ModuleId": "VirtoCommerce.Core",
      "GroupName": "Core|General",
      "Name": "VirtoCommerce.Core.General.MeasureUnits",
      "ValueType": 0,
      "AllowedValues": [
        "in",
        "m",
        "mm",
        "ft"
      ],
      "DefaultValue": "mm",
      "IsDictionary": true
    },
    {
      "ItHasValues": true,
      "RestartRequired": false,
      "ModuleId": "VirtoCommerce.Core",
      "GroupName": "Core|General",
      "Name": "VirtoCommerce.Core.General.Languages",
      "ValueType": 0,
      "AllowedValues": [
        "en-US",
        "de-DE",
        "fr-FR"
      ],
      "DefaultValue": "en-US",
      "IsDictionary": true
    },
    {
      "ItHasValues": true,
      "RestartRequired": false,
      "ModuleId": "VirtoCommerce.Customer",
      "GroupName": "Customer|General",
      "Name": "Customer.MemberGroups",
      "ValueType": 0,
      "AllowedValues": [
        "Wholesaler",
        "VIP"
      ],
      "DefaultValue": "New",
      "IsDictionary": true
    },
    {
      "ItHasValues": true,
      "Value": false,
      "RestartRequired": true,
      "ModuleId": "VirtoCommerce.ImageTools",
      "GroupName": "Thumbnail|General",
      "Name": "ImageTools.Thumbnails.EnableImageProcessjob",
      "ValueType": 5,
      "DefaultValue": false,
      "IsDictionary": false
    },
    {
      "ItHasValues": true,
      "Value": "0 0 * * *",
      "RestartRequired": true,
      "ModuleId": "VirtoCommerce.ImageTools",
      "GroupName": "Thumbnail|General",
      "Name": "ImageTools.Thumbnails.ImageProcessjobCronExpression",
      "ValueType": 0,
      "DefaultValue": "0 0 * * *",
      "IsDictionary": false
    },
    {
      "ItHasValues": true,
      "Value": "BestReward",
      "RestartRequired": false,
      "ModuleId": "VirtoCommerce.Marketing",
      "GroupName": "Marketing|General",
      "Name": "Marketing.Promotion.CombinePolicy",
      "ValueType": 0,
      "AllowedValues": [
        "BestReward",
        "CombineStackable"
      ],
      "DefaultValue": "BestReward",
      "IsDictionary": false
    },
    {
      "ItHasValues": true,
      "RestartRequired": false,
      "ModuleId": "VirtoCommerce.Notifications",
      "GroupName": "Notifications|General",
      "Name": "VirtoCommerce.Notifications.General.Languages",
      "ValueType": 0,
      "AllowedValues": [
        "de-DE",
        "en-US"
      ],
      "DefaultValue": "en-US",
      "IsDictionary": true
    },
    {
      "ItHasValues": true,
      "RestartRequired": false,
      "ModuleId": "VirtoCommerce.Orders",
      "GroupName": "Orders|General",
      "Name": "Order.Status",
      "ValueType": 0,
      "AllowedValues": [
        "New",
        "Pending",
        "Processing",
        "Completed",
        "Cancelled"
      ],
      "DefaultValue": "New",
      "IsDictionary": true
    },
    {
      "ItHasValues": true,
      "RestartRequired": false,
      "ModuleId": "VirtoCommerce.Orders",
      "GroupName": "Orders|General",
      "Name": "Shipment.Status",
      "ValueType": 0,
      "AllowedValues": [
        "Cancelled",
        "Send",
        "ReadyToSend",
        "New",
        "PickPack"
      ],
      "DefaultValue": "New",
      "IsDictionary": true
    },
    {
      "ItHasValues": true,
      "RestartRequired": false,
      "ModuleId": "VirtoCommerce.Orders",
      "GroupName": "Orders|General",
      "Name": "PaymentIn.Status",
      "ValueType": 0,
      "AllowedValues": [
        "Cancelled",
        "Refunded",
        "Authorized",
        "Voided",
        "Custom",
        "PartiallyRefunded",
        "New",
        "Paid",
        "Pending"
      ],
      "DefaultValue": "New",
      "IsDictionary": true
    },
    {
      "ItHasValues": true,
      "Value": "CO{0:yyMMdd}-{1:D5}",
      "RestartRequired": false,
      "ModuleId": "VirtoCommerce.Orders",
      "GroupName": "Orders|General",
      "Name": "Order.CustomerOrderNewNumberTemplate",
      "ValueType": 0,
      "DefaultValue": "CO{0:yyMMdd}-{1:D5}",
      "IsDictionary": false
    },
    {
      "ItHasValues": true,
      "Value": "SH{0:yyMMdd}-{1:D5}",
      "RestartRequired": false,
      "ModuleId": "VirtoCommerce.Orders",
      "GroupName": "Orders|General",
      "Name": "Order.ShipmentNewNumberTemplate",
      "ValueType": 0,
      "DefaultValue": "SH{0:yyMMdd}-{1:D5}",
      "IsDictionary": false
    },
    {
      "ItHasValues": true,
      "Value": "PI{0:yyMMdd}-{1:D5}",
      "RestartRequired": false,
      "ModuleId": "VirtoCommerce.Orders",
      "GroupName": "Orders|General",
      "Name": "Order.PaymentInNewNumberTemplate",
      "ValueType": 0,
      "DefaultValue": "PI{0:yyMMdd}-{1:D5}",
      "IsDictionary": false
    },
    {
      "ItHasValues": true,
      "Value": true,
      "RestartRequired": false,
      "ModuleId": "VirtoCommerce.Orders",
      "GroupName": "Store|General",
      "Name": "Order.SendOrderNotifications",
      "ValueType": 5,
      "DefaultValue": true,
      "IsDictionary": false
    },
    {
      "ItHasValues": true,
      "Value": true,
      "RestartRequired": false,
      "ModuleId": "VirtoCommerce.Orders",
      "GroupName": "Store|General",
      "Name": "Order.AdjustInventory",
      "ValueType": 5,
      "DefaultValue": true,
      "IsDictionary": false
    },
    {
      "ItHasValues": true,
      "Value": 10000,
      "RestartRequired": false,
      "ModuleId": "VirtoCommerce.Sitemaps",
      "GroupName": "Sitemap|General",
      "Name": "Sitemap.RecordsLimitPerFile",
      "ValueType": 2,
      "DefaultValue": 10000,
      "IsDictionary": false
    },
    {
      "ItHasValues": true,
      "Value": "--",
      "RestartRequired": false,
      "ModuleId": "VirtoCommerce.Sitemaps",
      "GroupName": "Sitemap|General",
      "Name": "Sitemap.FilenameSeparator",
      "ValueType": 0,
      "DefaultValue": "--",
      "IsDictionary": false
    },
    {
      "ItHasValues": true,
      "Value": 500,
      "RestartRequired": false,
      "ModuleId": "VirtoCommerce.Sitemaps",
      "GroupName": "Sitemap|General",
      "Name": "Sitemap.SearchBunchSize",
      "ValueType": 2,
      "DefaultValue": 500,
      "IsDictionary": false
    },
    {
      "ItHasValues": true,
      "Value": ".md,.html",
      "RestartRequired": false,
      "ModuleId": "VirtoCommerce.Sitemaps",
      "GroupName": "Sitemap|General",
      "Name": "Sitemap.AcceptedFilenameExtensions",
      "ValueType": 0,
      "DefaultValue": ".md,.html",
      "IsDictionary": false
    },
    {
      "ItHasValues": true,
      "RestartRequired": false,
      "ModuleId": "VirtoCommerce.Sitemaps",
      "GroupName": "Sitemap|Product Links",
      "Name": "Sitemap.ProductPageUpdateFrequency",
      "ValueType": 0,
      "AllowedValues": [
        "daily"
      ],
      "DefaultValue": "daily",
      "IsDictionary": true
    },
    {
      "ItHasValues": true,
      "Value": 1.00000,
      "RestartRequired": false,
      "ModuleId": "VirtoCommerce.Sitemaps",
      "GroupName": "Sitemap|Product Links",
      "Name": "Sitemap.ProductPagePriority",
      "ValueType": 3,
      "DefaultValue": 1.0,
      "IsDictionary": false
    },
    {
      "ItHasValues": true,
      "RestartRequired": false,
      "ModuleId": "VirtoCommerce.Sitemaps",
      "GroupName": "Sitemap|Category Links",
      "Name": "Sitemap.CategoryPageUpdateFrequency",
      "ValueType": 0,
      "AllowedValues": [
        "weekly"
      ],
      "DefaultValue": "weekly",
      "IsDictionary": true
    },
    {
      "ItHasValues": true,
      "Value": 0.70000,
      "RestartRequired": false,
      "ModuleId": "VirtoCommerce.Sitemaps",
      "GroupName": "Sitemap|Product Links",
      "Name": "Sitemap.CategoryPagePriority",
      "ValueType": 3,
      "DefaultValue": 0.7,
      "IsDictionary": false
    },
    {
      "ItHasValues": true,
      "RestartRequired": false,
      "ModuleId": "VirtoCommerce.Store",
      "GroupName": "Store|General",
      "Name": "Stores.States",
      "ValueType": 0,
      "AllowedValues": [
        "Closed",
        "RestrictedAccess",
        "Open"
      ],
      "DefaultValue": "Open",
      "IsDictionary": true
    },
    {
      "ItHasValues": true,
      "Value": true,
      "RestartRequired": false,
      "ModuleId": "VirtoCommerce.Store",
      "GroupName": "Store|General",
      "Name": "Stores.TaxCalculationEnabled",
      "ValueType": 5,
      "DefaultValue": true,
      "IsDictionary": false
    },
    {
      "ItHasValues": true,
      "Value": "Long",
      "RestartRequired": false,
      "ModuleId": "VirtoCommerce.Store",
      "GroupName": "Store|SEO",
      "Name": "Stores.SeoLinksType",
      "ValueType": 0,
      "AllowedValues": [
        "None",
        "Short",
        "Collapsed",
        "Long"
      ],
      "DefaultValue": "Collapsed",
      "IsDictionary": false
    },
    {
      "ItHasValues": true,
      "Value": true,
      "RestartRequired": false,
      "ModuleId": "VirtoCommerce.Subscription",
      "GroupName": "Subscriptions|General",
      "Name": "Subscription.EnableSubscriptions",
      "ValueType": 5,
      "DefaultValue": true,
      "IsDictionary": false
    },
    {
      "ItHasValues": true,
      "RestartRequired": false,
      "ModuleId": "VirtoCommerce.Subscription",
      "GroupName": "Subscriptions|General",
      "Name": "Subscription.Status",
      "ValueType": 0,
      "AllowedValues": [
        "PastDue",
        "Unpaid",
        "Active",
        "Cancelled",
        "Trialling"
      ],
      "DefaultValue": "Active",
      "IsDictionary": true
    },
    {
      "ItHasValues": true,
      "Value": "SU{0:yyMMdd}-{1:D5}",
      "RestartRequired": false,
      "ModuleId": "VirtoCommerce.Subscription",
      "GroupName": "Subscriptions|General",
      "Name": "Subscription.SubscriptionNewNumberTemplate",
      "ValueType": 0,
      "DefaultValue": "SU{0:yyMMdd}-{1:D5}",
      "IsDictionary": false
    },
    {
      "ItHasValues": true,
      "Value": true,
      "RestartRequired": true,
      "ModuleId": "VirtoCommerce.Subscription",
      "GroupName": "Subscriptions|General",
      "Name": "Subscription.EnableSubscriptionOrdersCreatejob",
      "ValueType": 5,
      "DefaultValue": true,
      "IsDictionary": false
    },
    {
      "ItHasValues": true,
      "Value": "0 0 1/1 * *",
      "RestartRequired": true,
      "ModuleId": "VirtoCommerce.Subscription",
      "GroupName": "Subscriptions|General",
      "Name": "Subscription.CronExpression",
      "ValueType": 0,
      "DefaultValue": "0 */1 * * *",
      "IsDictionary": false
    },
    {
      "ItHasValues": true,
      "Value": "0/15 0 1/1 * *",
      "RestartRequired": true,
      "ModuleId": "VirtoCommerce.Subscription",
      "GroupName": "Subscriptions|General",
      "Name": "Subscription.CronExpressionOrdersJob",
      "ValueType": 0,
      "DefaultValue": "0 0 */1 * *",
      "IsDictionary": false
    },
    {
      "ItHasValues": true,
      "Value": 7,
      "RestartRequired": false,
      "ModuleId": "VirtoCommerce.Subscription",
      "GroupName": "Subscriptions|General",
      "Name": "Subscription.PastDue.Delay",
      "ValueType": 2,
      "DefaultValue": 7,
      "IsDictionary": false
    },
    {
      "ItHasValues": true,
      "Value": "Export/Import of subscriptions",
      "RestartRequired": false,
      "ModuleId": "VirtoCommerce.Subscription",
      "GroupName": "Subscriptions|General",
      "Name": "Subscription.ExportImport.Description",
      "ValueType": 0,
      "DefaultValue": "Export/Import of subscriptions",
      "IsDictionary": false
    },
    {
      "ItHasValues": true,
      "Value": 0.00000,
      "RestartRequired": false,
      "ModuleId": "VirtoCommerce.Tax",
      "GroupName": "Tax|FixedTaxProvider",
      "Name": "VirtoCommerce.Core.FixedTaxRateProvider.Rate",
      "ValueType": 3,
      "DefaultValue": 0.00,
      "IsDictionary": false
    }],"DynamicProperties":[
    {
      "Name": "Default shipping address",
      "ObjectType": "VirtoCommerce.CustomerModule.Core.Model.Contact",
      "IsArray": false,
      "IsDictionary": false,
      "IsMultilingual": false,
      "IsRequired": false,
      "ValueType": 1,
      "DisplayNames": [
        {
          "Locale": "en-US"
        },
        {
          "Locale": "de-DE"
        },
        {
          "Locale": "fr-FR"
        }
      ],
      "CreatedBy": "Auto",
      "ModifiedBy": "Auto",
      "Id": "7611952c-40d4-4650-8d8d-c8e48169d755"
    },
    {
      "Name": "Purchase order number",
      "ObjectType": "VirtoCommerce.CartModule.Core.Model.ShoppingCart",
      "IsArray": false,
      "IsDictionary": false,
      "IsMultilingual": false,
      "IsRequired": false,
      "ValueType": 1,
      "DisplayNames": [
        {
          "Locale": "de-DE"
        },
        {
          "Locale": "en-US"
        },
        {
          "Locale": "fr-FR"
        }
      ],
      "CreatedBy": "Auto",
      "ModifiedBy": "Auto",
      "Id": "ad89dce7-4061-4013-8836-c873aadb8224"
    },
    {
      "Name": "Purchase order number",
      "ObjectType": "VirtoCommerce.OrdersModule.Core.Model.CustomerOrder",
      "IsArray": false,
      "IsDictionary": false,
      "IsMultilingual": false,
      "IsRequired": false,
      "ValueType": 1,
      "DisplayNames": [
        {
          "Locale": "en-US"
        },
        {
          "Locale": "fr-FR"
        },
        {
          "Locale": "de-DE"
        }
      ],
      "CreatedBy": "Auto",
      "ModifiedBy": "Auto",
      "Id": "e916dfb1-43e7-4a3f-9b93-97c4471ae085"
    },
    {
      "Name": "aliases",
      "ObjectType": "VirtoCommerce.ContentModule.Core.Model.FrontMatterHeaders",
      "IsArray": true,
      "IsDictionary": false,
      "IsMultilingual": false,
      "IsRequired": false,
      "ValueType": 1,
      "DisplayNames": [],
      "CreatedDate": "2019-09-17T14:55:43.7965743",
      "ModifiedDate": "2019-09-17T14:55:43.7965743",
      "CreatedBy": "Auto",
      "ModifiedBy": "Auto",
      "Id": "Alias_FrontMatterHeader"
    },
    {
      "Name": "authorize",
      "ObjectType": "VirtoCommerce.ContentModule.Core.Model.FrontMatterHeaders",
      "IsArray": false,
      "IsDictionary": false,
      "IsMultilingual": false,
      "IsRequired": false,
      "ValueType": 6,
      "DisplayNames": [],
      "CreatedDate": "2019-09-17T14:55:43.7966249",
      "ModifiedDate": "2019-09-17T14:55:43.7966249",
      "CreatedBy": "Auto",
      "ModifiedBy": "Auto",
      "Id": "Authorize_FrontMatterHeader"
    },
    {
      "Name": "categories",
      "ObjectType": "VirtoCommerce.ContentModule.Core.Model.FrontMatterHeaders",
      "IsArray": true,
      "IsDictionary": false,
      "IsMultilingual": false,
      "IsRequired": false,
      "ValueType": 1,
      "DisplayNames": [],
      "CreatedDate": "2019-09-17T14:55:43.7965597",
      "ModifiedDate": "2019-09-17T14:55:43.7965597",
      "CreatedBy": "Auto",
      "ModifiedBy": "Auto",
      "Id": "Categories_FrontMatterHeader"
    },
    {
      "Name": "category",
      "ObjectType": "VirtoCommerce.ContentModule.Core.Model.FrontMatterHeaders",
      "IsArray": false,
      "IsDictionary": false,
      "IsMultilingual": false,
      "IsRequired": false,
      "ValueType": 1,
      "DisplayNames": [],
      "CreatedDate": "2019-09-17T14:55:43.7965445",
      "ModifiedDate": "2019-09-17T14:55:43.7965445",
      "CreatedBy": "Auto",
      "ModifiedBy": "Auto",
      "Id": "Category_FrontMatterHeader"
    },
    {
      "Name": "Content type",
      "ObjectType": "VirtoCommerce.MarketingModule.Core.Model.DynamicContentItem",
      "IsArray": false,
      "IsDictionary": true,
      "IsMultilingual": false,
      "IsRequired": false,
      "ValueType": 1,
      "DisplayNames": [
        {
          "Locale": "zh-CN"
        },
        {
          "Locale": "ru-RU"
        },
        {
          "Locale": "ja-JP"
        },
        {
          "Locale": "en-US"
        },
        {
          "Locale": "fr-FR"
        },
        {
          "Locale": "de-DE"
        }
      ],
      "CreatedDate": "2019-09-17T14:55:42.2028194",
      "ModifiedDate": "2019-09-17T14:55:42.2028194",
      "CreatedBy": "Auto",
      "ModifiedBy": "Auto",
      "Id": "Marketing_DynamicContentItem_Type_Property"
    },
    {
      "Name": "date",
      "ObjectType": "VirtoCommerce.ContentModule.Core.Model.FrontMatterHeaders",
      "IsArray": false,
      "IsDictionary": false,
      "IsMultilingual": false,
      "IsRequired": false,
      "ValueType": 5,
      "DisplayNames": [],
      "CreatedDate": "2019-09-17T14:55:43.7966132",
      "ModifiedDate": "2019-09-17T14:55:43.7966132",
      "CreatedBy": "Auto",
      "ModifiedBy": "Auto",
      "Id": "date_FrontMatterHeader"
    },
    {
      "Name": "DefaultThemeName",
      "ObjectType": "VirtoCommerce.StoreModule.Core.Model.Store",
      "IsArray": false,
      "IsDictionary": false,
      "IsMultilingual": false,
      "IsRequired": false,
      "ValueType": 1,
      "DisplayNames": [],
      "CreatedDate": "2019-09-17T14:55:43.7966182",
      "ModifiedDate": "2019-09-17T14:55:43.7966182",
      "CreatedBy": "Auto",
      "ModifiedBy": "Auto",
      "Id": "Default_Theme_Name_Property"
    },
    {
      "Name": "FilteredBrowsing",
      "ObjectType": "VirtoCommerce.StoreModule.Core.Model.Store",
      "IsArray": false,
      "IsDictionary": false,
      "IsMultilingual": false,
      "IsRequired": false,
      "ValueType": 2,
      "DisplayNames": [
        {
          "Locale": "ru-RU"
        },
        {
          "Locale": "fr-FR"
        },
        {
          "Locale": "en-US"
        },
        {
          "Locale": "zh-CN"
        },
        {
          "Locale": "de-DE"
        },
        {
          "Locale": "ja-JP"
        }
      ],
      "CreatedDate": "2019-09-17T09:58:20.47",
      "ModifiedDate": "2019-09-17T09:58:20.47",
      "CreatedBy": "Auto",
      "ModifiedBy": "Auto",
      "Id": "VirtoCommerce.Catalog_FilteredBrowsing_Property"
    },
    {
      "Name": "Html",
      "ObjectType": "VirtoCommerce.MarketingModule.Core.Model.DynamicContentItem",
      "IsArray": false,
      "IsDictionary": false,
      "IsMultilingual": false,
      "IsRequired": false,
      "ValueType": 7,
      "DisplayNames": [
        {
          "Locale": "zh-CN"
        },
        {
          "Locale": "ja-JP"
        },
        {
          "Locale": "de-DE"
        },
        {
          "Locale": "ru-RU"
        },
        {
          "Locale": "en-US"
        },
        {
          "Locale": "fr-FR"
        }
      ],
      "CreatedDate": "2015-10-06T22:39:14.82",
      "ModifiedDate": "2015-10-06T22:39:14.82",
      "CreatedBy": "unknown",
      "ModifiedBy": "unknown",
      "Id": "a381c55f8b624f53a8ae99c1387299e3"
    },
    {
      "Name": "is-sticked",
      "ObjectType": "VirtoCommerce.ContentModule.Core.Model.FrontMatterHeaders",
      "IsArray": false,
      "IsDictionary": false,
      "IsMultilingual": false,
      "IsRequired": false,
      "ValueType": 6,
      "DisplayNames": [],
      "CreatedDate": "2019-09-17T14:55:43.7965793",
      "ModifiedDate": "2019-09-17T14:55:43.7965793",
      "CreatedBy": "Auto",
      "ModifiedBy": "Auto",
      "Id": "isSticked_FrontMatterHeader"
    },
    {
      "Name": "is-trending",
      "ObjectType": "VirtoCommerce.ContentModule.Core.Model.FrontMatterHeaders",
      "IsArray": false,
      "IsDictionary": false,
      "IsMultilingual": false,
      "IsRequired": false,
      "ValueType": 6,
      "DisplayNames": [],
      "CreatedDate": "2019-09-17T14:55:43.7965895",
      "ModifiedDate": "2019-09-17T14:55:43.7965895",
      "CreatedBy": "Auto",
      "ModifiedBy": "Auto",
      "Id": "isTrending_FrontMatterHeader"
    },
    {
      "Name": "layout",
      "ObjectType": "VirtoCommerce.ContentModule.Core.Model.FrontMatterHeaders",
      "IsArray": false,
      "IsDictionary": false,
      "IsMultilingual": false,
      "IsRequired": false,
      "ValueType": 1,
      "DisplayNames": [],
      "CreatedDate": "2019-09-17T14:55:43.7965041",
      "ModifiedDate": "2019-09-17T14:55:43.7965041",
      "CreatedBy": "Auto",
      "ModifiedBy": "Auto",
      "Id": "Layout_FrontMatterHeader"
    },
    {
      "Name": "main-image",
      "ObjectType": "VirtoCommerce.ContentModule.Core.Model.FrontMatterHeaders",
      "IsArray": false,
      "IsDictionary": false,
      "IsMultilingual": false,
      "IsRequired": false,
      "ValueType": 1,
      "DisplayNames": [],
      "CreatedDate": "2019-09-17T14:55:43.7965843",
      "ModifiedDate": "2019-09-17T14:55:43.7965843",
      "CreatedBy": "Auto",
      "ModifiedBy": "Auto",
      "Id": "mainImage_FrontMatterHeader"
    },
    {
      "Name": "Married",
      "ObjectType": "VirtoCommerce.CustomerModule.Core.Model.Contact",
      "IsArray": false,
      "IsDictionary": false,
      "IsMultilingual": false,
      "IsRequired": false,
      "ValueType": 6,
      "DisplayNames": [
        {
          "Locale": "de-DE"
        },
        {
          "Locale": "en-US"
        },
        {
          "Locale": "fr-FR"
        },
        {
          "Locale": "ru-RU"
        },
        {
          "Locale": "zh-CN"
        },
        {
          "Locale": "ja-JP"
        }
      ],
      "CreatedDate": "2015-10-06T22:39:14.82",
      "ModifiedDate": "2015-10-06T22:39:14.82",
      "CreatedBy": "unknown",
      "ModifiedBy": "unknown",
      "Id": "1d2174502bf4489cbd04504e2521bbec"
    },
    {
      "Name": "occupation",
      "ObjectType": "VirtoCommerce.CustomerModule.Core.Model.Contact",
      "IsArray": true,
      "IsDictionary": true,
      "IsMultilingual": false,
      "IsRequired": false,
      "ValueType": 1,
      "DisplayNames": [
        {
          "Locale": "en-US"
        },
        {
          "Locale": "ru-RU"
        },
        {
          "Locale": "fr-FR"
        },
        {
          "Locale": "ja-JP"
        },
        {
          "Locale": "de-DE"
        },
        {
          "Locale": "zh-CN"
        }
      ],
      "CreatedDate": "2015-10-06T22:39:14.82",
      "ModifiedDate": "2015-10-06T22:39:14.82",
      "CreatedBy": "unknown",
      "ModifiedBy": "unknown",
      "Id": "fc83840c443547719e6545637acde1c8"
    },
    {
      "Name": "permalink",
      "ObjectType": "VirtoCommerce.ContentModule.Core.Model.FrontMatterHeaders",
      "IsArray": false,
      "IsDictionary": false,
      "IsMultilingual": false,
      "IsRequired": false,
      "ValueType": 1,
      "DisplayNames": [],
      "CreatedDate": "2019-09-17T14:55:43.796522",
      "ModifiedDate": "2019-09-17T14:55:43.796522",
      "CreatedBy": "Auto",
      "ModifiedBy": "Auto",
      "Id": "Permalink_FrontMatterHeader"
    },
    {
      "Name": "published",
      "ObjectType": "VirtoCommerce.ContentModule.Core.Model.FrontMatterHeaders",
      "IsArray": false,
      "IsDictionary": false,
      "IsMultilingual": false,
      "IsRequired": false,
      "ValueType": 6,
      "DisplayNames": [],
      "CreatedDate": "2019-09-17T14:55:43.7965334",
      "ModifiedDate": "2019-09-17T14:55:43.7965334",
      "CreatedBy": "Auto",
      "ModifiedBy": "Auto",
      "Id": "Published_FrontMatterHeader"
    },
    {
      "Name": "Sex",
      "ObjectType": "VirtoCommerce.CustomerModule.Core.Model.Contact",
      "IsArray": false,
      "IsDictionary": true,
      "IsMultilingual": false,
      "IsRequired": false,
      "ValueType": 1,
      "DisplayNames": [
        {
          "Locale": "en-US"
        },
        {
          "Locale": "fr-FR"
        },
        {
          "Locale": "de-DE"
        },
        {
          "Locale": "zh-CN"
        },
        {
          "Locale": "ja-JP"
        },
        {
          "Locale": "ru-RU"
        }
      ],
      "CreatedDate": "2015-10-06T22:39:14.82",
      "ModifiedDate": "2015-10-06T22:39:14.82",
      "CreatedBy": "unknown",
      "ModifiedBy": "unknown",
      "Id": "5869be3e8fa249c7a96d8d874353f943"
    },
    {
      "Name": "tags",
      "ObjectType": "VirtoCommerce.ContentModule.Core.Model.FrontMatterHeaders",
      "IsArray": true,
      "IsDictionary": false,
      "IsMultilingual": false,
      "IsRequired": false,
      "ValueType": 1,
      "DisplayNames": [],
      "CreatedDate": "2019-09-17T14:55:43.7965691",
      "ModifiedDate": "2019-09-17T14:55:43.7965691",
      "CreatedBy": "Auto",
      "ModifiedBy": "Auto",
      "Id": "Tags_FrontMatterHeader"
    },
    {
      "Name": "template",
      "ObjectType": "VirtoCommerce.ContentModule.Core.Model.FrontMatterHeaders",
      "IsArray": false,
      "IsDictionary": false,
      "IsMultilingual": false,
      "IsRequired": false,
      "ValueType": 1,
      "DisplayNames": [],
      "CreatedDate": "2019-09-17T14:55:43.796512",
      "ModifiedDate": "2019-09-17T14:55:43.796512",
      "CreatedBy": "Auto",
      "ModifiedBy": "Auto",
      "Id": "Template_FrontMatterHeader"
    },
    {
      "Name": "test dynamic property",
      "Description": "test dynamic property description",
      "ObjectType": "VirtoCommerce.Domain.Quote.Model.QuoteRequest",
      "IsArray": false,
      "IsDictionary": false,
      "IsMultilingual": false,
      "IsRequired": false,
      "DisplayOrder": 1,
      "ValueType": 8,
      "DisplayNames": [
        {
          "Locale": "de-DE"
        },
        {
          "Locale": "fr-FR"
        },
        {
          "Locale": "en-US",
          "Name": "Test property"
        }
      ],
      "CreatedDate": "2018-02-22T13:44:16.21",
      "ModifiedDate": "2018-02-22T13:44:16.21",
      "CreatedBy": "admin",
      "ModifiedBy": "admin",
      "Id": "85bf77ba72584f52bf0942d2bef23d8b"
    },
    {
      "Name": "title",
      "ObjectType": "VirtoCommerce.ContentModule.Core.Model.FrontMatterHeaders",
      "IsArray": false,
      "IsDictionary": false,
      "IsMultilingual": false,
      "IsRequired": false,
      "ValueType": 1,
      "DisplayNames": [],
      "CreatedDate": "2019-09-17T14:55:43.7964629",
      "ModifiedDate": "2019-09-17T14:55:43.7964629",
      "CreatedBy": "Auto",
      "ModifiedBy": "Auto",
      "Id": "Title_FrontMatterHeader"
    }],"DynamicPropertyDictionaryItems":[
    {
      "PropertyId": "fc83840c443547719e6545637acde1c8",
      "Name": "Boat Builder",
      "DisplayNames": [],
      "CreatedDate": "0001-01-01T00:00:00",
      "Id": "d31f52f79a724db0ac0c71b2a0bfb826"
    },
    {
      "PropertyId": "fc83840c443547719e6545637acde1c8",
      "Name": "Child Care Worker",
      "DisplayNames": [],
      "CreatedDate": "0001-01-01T00:00:00",
      "Id": "6fba64f496a24317b476b8101fddb57b"
    },
    {
      "PropertyId": "Marketing_DynamicContentItem_Type_Property",
      "Name": "dd",
      "DisplayNames": [],
      "CreatedDate": "0001-01-01T00:00:00",
      "Id": "77b19415aff5418eb441ad02fa6f048f"
    },
    {
      "PropertyId": "5869be3e8fa249c7a96d8d874353f943",
      "Name": "Female",
      "DisplayNames": [],
      "CreatedDate": "0001-01-01T00:00:00",
      "Id": "1bc052ea36324ef8a74be0182c3220c2"
    },
    {
      "PropertyId": "Marketing_DynamicContentItem_Type_Property",
      "Name": "fff",
      "DisplayNames": [],
      "CreatedDate": "0001-01-01T00:00:00",
      "Id": "b07ee924b2674dbfa2a8a527d8f5e18d"
    },
    {
      "PropertyId": "Marketing_DynamicContentItem_Type_Property",
      "Name": "Html",
      "DisplayNames": [],
      "CreatedDate": "0001-01-01T00:00:00",
      "Id": "8539baa3fe83445a8052209b9bdd498c"
    },
    {
      "PropertyId": "5869be3e8fa249c7a96d8d874353f943",
      "Name": "Male",
      "DisplayNames": [],
      "CreatedDate": "0001-01-01T00:00:00",
      "Id": "d58bedc559c6420fbde35666adae3251"
    },
    {
      "PropertyId": "fc83840c443547719e6545637acde1c8",
      "Name": "Mining Engineer",
      "DisplayNames": [],
      "CreatedDate": "0001-01-01T00:00:00",
      "Id": "9a21cdb9583e4794b200f2579bce55b9"
    },
    {
      "PropertyId": "fc83840c443547719e6545637acde1c8",
      "Name": "Museum Curator",
      "DisplayNames": [],
      "CreatedDate": "0001-01-01T00:00:00",
      "Id": "578fadeb1d2a40b3b08b1daf8db09463"
    },
    {
      "PropertyId": "Marketing_DynamicContentItem_Type_Property",
      "Name": "Slider",
      "DisplayNames": [],
      "CreatedDate": "0001-01-01T00:00:00",
      "Id": "49e01b3e5ac54d31b4fbe66eae4ab5d5"
    }]}