{"PaymentMethods":[{"name":"Test payment method","paymentMethodType":"Unknown","paymentMethodGroupType":"Manual","code":"DefaultManualPaymentMethod","logoUrl":"https://raw.githubusercontent.com/VirtoCommerce/vc-module-core/master/VirtoCommerce.CoreModule.Web/Content/logoVC.png","isActive":true,"priority":0,"isAvailableForPartial":false,"price":0.0,"priceWithTax":0.0,"total":0.0,"totalWithTax":0.0,"discountAmount":0.0,"discountAmountWithTax":0.0,"storeId":"Clothing","typeName":"DefaultManualPaymentMethod","settings":[{"itHasValues":false,"restartRequired":false,"moduleId":"VirtoCommerce.Payment","groupName":"Payment|DefaultManualPaymentMethod","name":"VirtoCommerce.Payment.DefaultManualPaymentMethod.Logo","valueType":"ShortText","isDictionary":false}],"taxTotal":0.0,"taxPercentRate":0.0,"id":"1bc665b9ed10481ca00a43a32b0b51bf"},{"name":"Test payment method","paymentMethodType":"Unknown","paymentMethodGroupType":"Manual","code":"DefaultManualPaymentMethod","logoUrl":"https://raw.githubusercontent.com/VirtoCommerce/vc-module-core/master/VirtoCommerce.CoreModule.Web/Content/logoVC.png","isActive":true,"priority":0,"isAvailableForPartial":false,"price":0.0,"priceWithTax":0.0,"total":0.0,"totalWithTax":0.0,"discountAmount":0.0,"discountAmountWithTax":0.0,"storeId":"Electronics","typeName":"DefaultManualPaymentMethod","settings":[{"itHasValues":false,"restartRequired":false,"moduleId":"VirtoCommerce.Payment","groupName":"Payment|DefaultManualPaymentMethod","name":"VirtoCommerce.Payment.DefaultManualPaymentMethod.Logo","valueType":"ShortText","isDictionary":false}],"taxTotal":0.0,"taxPercentRate":0.0,"id":"b53aff2cf71c43a1a4d69118f3f231c4"},{"name":"Test payment method","paymentMethodType":"Unknown","paymentMethodGroupType":"Manual","code":"DefaultManualPaymentMethod","logoUrl":"https://raw.githubusercontent.com/VirtoCommerce/vc-module-core/master/VirtoCommerce.CoreModule.Web/Content/logoVC.png","isActive":true,"priority":1,"isAvailableForPartial":false,"price":0.0,"priceWithTax":0.0,"total":0.0,"totalWithTax":0.0,"discountAmount":0.0,"discountAmountWithTax":0.0,"storeId":"B2B-store","typeName":"DefaultManualPaymentMethod","settings":[{"itHasValues":false,"restartRequired":false,"moduleId":"VirtoCommerce.Payment","groupName":"Payment|DefaultManualPaymentMethod","name":"VirtoCommerce.Payment.DefaultManualPaymentMethod.Logo","valueType":"ShortText","isDictionary":false}],"taxTotal":0.0,"taxPercentRate":0.0,"id":"e01fb18608b5474fbb7c0f7c03e2e9f5"}]}