{
  "Stores": [
    {
      "name": "B2B-store",
      "storeState": "Open",
      "defaultLanguage": "en-US",
      "defaultCurrency": "USD",
      "catalog": "fc596540864a41bf8ab78734ee7353a3",
      "creditCardSavePolicy": false,
      "url": "",
      "secureUrl": "",
      "displayOutOfStock": false,
      "mainFulfillmentCenterId": "142ba5568ae4454aad553ece41b9c3b5",
      "additionalFulfillmentCenterIds": [
        "vendor-fulfillment",
        "tulsa-branch",
        "c20d27cdb09c4c7abd5d78a71510ab83"
      ],
      "returnsFulfillmentCenterIds": [],
      "languages": ["en-US"],
      "currencies": ["USD"],
      "trustedGroups": [],
      "seoObjectType": "Store",
      "seoInfos": [],
      "objectType": "VirtoCommerce.StoreModule.Core.Model.Store",
      "dynamicProperties": [
        {
          "values": [
            {
              "objectType": "VirtoCommerce.StoreModule.Core.Model.Store",
              "objectId": "B2B-store",
              "value": "{\r\n  \"Attributes\": [\r\n    {\r\n      \"Key\": \"BRAND\",\r\n      \"FacetSize\": null,\r\n      \"Order\": 0,\r\n      \"Values\": null\r\n    },\r\n    {\r\n      \"Key\": \"COLOR\",\r\n      \"FacetSize\": null,\r\n      \"Order\": 1,\r\n      \"Values\": null\r\n    },\r\n    {\r\n      \"Key\": \"OPERATING SYSTEM\",\r\n      \"FacetSize\": null,\r\n      \"Order\": 3,\r\n      \"Values\": null\r\n    },\r\n    {\r\n      \"Key\": \"EYEBOLT TYPE\",\r\n      \"FacetSize\": null,\r\n      \"Order\": 4,\r\n      \"Values\": null\r\n    },\r\n    {\r\n      \"Key\": \"BASIC MATERIAL\",\r\n      \"FacetSize\": null,\r\n      \"Order\": 5,\r\n      \"Values\": null\r\n    },\r\n    {\r\n      \"Key\": \"FASTENER THREAD TYPE\",\r\n      \"FacetSize\": null,\r\n      \"Order\": 6,\r\n      \"Values\": null\r\n    },\r\n    {\r\n      \"Key\": \"MATERIAL\",\r\n      \"FacetSize\": null,\r\n      \"Order\": 7,\r\n      \"Values\": null\r\n    },\r\n    {\r\n      \"Key\": \"MATERIAL GRADE\",\r\n      \"FacetSize\": null,\r\n      \"Order\": 8,\r\n      \"Values\": null\r\n    }\r\n  ],\r\n  \"AttributeRanges\": [],\r\n  \"Prices\": [\r\n    {\r\n      \"Key\": \"price\",\r\n      \"Currency\": \"USD\",\r\n      \"Order\": 2,\r\n      \"Values\": [\r\n        {\r\n          \"Id\": \"under-10\",\r\n          \"Lower\": null,\r\n          \"Upper\": \"10\",\r\n          \"IncludeLower\": true,\r\n          \"IncludeUpper\": false\r\n        },\r\n        {\r\n          \"Id\": \"10-20\",\r\n          \"Lower\": \"10\",\r\n          \"Upper\": \"20\",\r\n          \"IncludeLower\": true,\r\n          \"IncludeUpper\": false\r\n        },\r\n        {\r\n          \"Id\": \"20-30\",\r\n          \"Lower\": \"20\",\r\n          \"Upper\": \"30\",\r\n          \"IncludeLower\": true,\r\n          \"IncludeUpper\": false\r\n        },\r\n        {\r\n          \"Id\": \"30-40\",\r\n          \"Lower\": \"30\",\r\n          \"Upper\": \"40\",\r\n          \"IncludeLower\": true,\r\n          \"IncludeUpper\": false\r\n        },\r\n        {\r\n          \"Id\": \"40-100\",\r\n          \"Lower\": \"40\",\r\n          \"Upper\": \"100\",\r\n          \"IncludeLower\": true,\r\n          \"IncludeUpper\": false\r\n        },\r\n        {\r\n          \"Id\": \"over-100\",\r\n          \"Lower\": \"100\",\r\n          \"Upper\": null,\r\n          \"IncludeLower\": true,\r\n          \"IncludeUpper\": false\r\n        }\r\n      ]\r\n    }\r\n  ]\r\n}",
              "valueType": "LongText",
              "propertyId": "VirtoCommerce.Catalog_FilteredBrowsing_Property",
              "propertyName": "FilteredBrowsing"
            }
          ],
          "name": "FilteredBrowsing",
          "isArray": false,
          "isDictionary": false,
          "isMultilingual": false,
          "isRequired": false,
          "valueType": "Undefined",
          "createdDate": "0001-01-01T00:00:00Z",
          "id": "VirtoCommerce.Catalog_FilteredBrowsing_Property"
        }
      ],
      "settings": [
        {
          "itHasValues": true,
          "restartRequired": false,
          "moduleId": "VirtoCommerce.Store",
          "groupName": "Store|General",
          "name": "Stores.States",
          "valueType": "ShortText",
          "allowedValues": ["Open", "Closed", "RestrictedAccess"],
          "defaultValue": "Open",
          "isDictionary": true
        },
        {
          "itHasValues": false,
          "restartRequired": false,
          "moduleId": "VirtoCommerce.Store",
          "groupName": "Store|General",
          "name": "Stores.TaxCalculationEnabled",
          "valueType": "Boolean",
          "defaultValue": true,
          "isDictionary": false
        },
        {
          "itHasValues": false,
          "restartRequired": false,
          "moduleId": "VirtoCommerce.Store",
          "groupName": "Store|General",
          "name": "Stores.AllowAnonymousUsers",
          "valueType": "Boolean",
          "defaultValue": true,
          "isDictionary": false
        },
        {
          "itHasValues": true,
          "restartRequired": false,
          "moduleId": "VirtoCommerce.Store",
          "groupName": "Store|SEO",
          "name": "Stores.SeoLinksType",
          "valueType": "ShortText",
          "allowedValues": ["None", "Short", "Collapsed", "Long"],
          "defaultValue": "Collapsed",
          "isDictionary": false
        },
        {
          "itHasValues": false,
          "restartRequired": false,
          "moduleId": "VirtoCommerce.Subscription",
          "groupName": "Subscriptions|General",
          "name": "Subscription.EnableSubscriptions",
          "valueType": "Boolean",
          "defaultValue": true,
          "isDictionary": false
        }
      ],
      "typeName": "Store",
      "createdDate": "2017-07-11T11:54:19.553Z",
      "modifiedDate": "2017-07-11T11:54:19.553Z",
      "createdBy": "apiDocs",
      "modifiedBy": "apiDocs",
      "id": "B2B-store"
    },
    {
      "name": "Clothing",
      "storeState": "Open",
      "timeZone": "Central Standard Time",
      "country": "USA",
      "defaultLanguage": "en-US",
      "defaultCurrency": "USD",
      "catalog": "25f5ea1b52e54ec1aa903d44cc889324",
      "creditCardSavePolicy": false,
      "url": "",
      "secureUrl": "",
      "email": "",
      "displayOutOfStock": false,
      "mainFulfillmentCenterId": "vendor-fulfillment",
      "additionalFulfillmentCenterIds": [],
      "mainReturnsFulfillmentCenterId": "vendor-fulfillment",
      "returnsFulfillmentCenterIds": [],
      "languages": ["en-US"],
      "currencies": ["EUR", "USD", "XPT"],
      "trustedGroups": ["Electronics"],
      "seoObjectType": "Store",
      "seoInfos": [
        {
          "semanticUrl": "Clothings",
          "pageTitle": "Clothing",
          "metaDescription": "Clothing",
          "imageAltDescription": "Clothing",
          "storeId": "Clothing",
          "objectId": "Clothing",
          "objectType": "Store",
          "isActive": true,
          "languageCode": "en-US",
          "id": "337294d142c64a7495f7a7cf7aa63691"
        }
      ],
      "objectType": "VirtoCommerce.StoreModule.Core.Model.Store",
      "dynamicProperties": [
        {
          "values": [
            {
              "objectType": "VirtoCommerce.StoreModule.Core.Model.Store",
              "objectId": "Clothing",
              "value": "{\n  \"Attributes\": [\n    {\n      \"Key\": \"Brand\",\n      \"FacetSize\": null,\n      \"Order\": 0,\n      \"Values\": [\n        {\n          \"Id\": \"Cameo Rose\"\n        },\n        {\n          \"Id\": \"Laced In Love\"\n        },\n        {\n          \"Id\": \"Madam Rage\"\n        },\n        {\n          \"Id\": \"New look\"\n        },\n        {\n          \"Id\": \"Pussycat\"\n        }\n      ]\n    },\n    {\n      \"Key\": \"Colour\",\n      \"FacetSize\": null,\n      \"Order\": 1,\n      \"Values\": [\n        {\n          \"Id\": \"Black\"\n        },\n        {\n          \"Id\": \"Blue\"\n        },\n        {\n          \"Id\": \"Brown\"\n        },\n        {\n          \"Id\": \"Burgundy\"\n        },\n        {\n          \"Id\": \"Coral\"\n        },\n        {\n          \"Id\": \"Cream\"\n        },\n        {\n          \"Id\": \"Dark blue\"\n        },\n        {\n          \"Id\": \"Dark red\"\n        },\n        {\n          \"Id\": \"Gold\"\n        },\n        {\n          \"Id\": \"Gray\"\n        },\n        {\n          \"Id\": \"Green\"\n        },\n        {\n          \"Id\": \"Lilac\"\n        },\n        {\n          \"Id\": \"Multi Col\"\n        },\n        {\n          \"Id\": \"Navy\"\n        },\n        {\n          \"Id\": \"Orange\"\n        },\n        {\n          \"Id\": \"Peach\"\n        },\n        {\n          \"Id\": \"Pink\"\n        },\n        {\n          \"Id\": \"Purple\"\n        },\n        {\n          \"Id\": \"Red\"\n        },\n        {\n          \"Id\": \"Rust\"\n        },\n        {\n          \"Id\": \"Silver\"\n        },\n        {\n          \"Id\": \"Stone\"\n        },\n        {\n          \"Id\": \"White\"\n        },\n        {\n          \"Id\": \"Yellow\"\n        }\n      ]\n    },\n    {\n      \"Key\": \"Style\",\n      \"FacetSize\": null,\n      \"Order\": 2,\n      \"Values\": [\n        {\n          \"Id\": \"Bodycon\"\n        },\n        {\n          \"Id\": \"Choker Necklaces\"\n        },\n        {\n          \"Id\": \"Clips\"\n        },\n        {\n          \"Id\": \"Day Bags\"\n        },\n        {\n          \"Id\": \"Drop Earrings\"\n        },\n        {\n          \"Id\": \"Ear Cuff\"\n        },\n        {\n          \"Id\": \"Evening Bags\"\n        },\n        {\n          \"Id\": \"Floral\"\n        },\n        {\n          \"Id\": \"High Neck\"\n        },\n        {\n          \"Id\": \"Hoop Earrings\"\n        },\n        {\n          \"Id\": \"Maxi\"\n        },\n        {\n          \"Id\": \"Midi\"\n        },\n        {\n          \"Id\": \"Mini\"\n        },\n        {\n          \"Id\": \"Multi-Packs\"\n        },\n        {\n          \"Id\": \"Open Shoulder\"\n        },\n        {\n          \"Id\": \"Pom Poms\"\n        },\n        {\n          \"Id\": \"Print\"\n        },\n        {\n          \"Id\": \"Prom\"\n        },\n        {\n          \"Id\": \"Skater\"\n        },\n        {\n          \"Id\": \"Statement Necklaces\"\n        },\n        {\n          \"Id\": \"Stud Earrings\"\n        },\n        {\n          \"Id\": \"Summer\"\n        },\n        {\n          \"Id\": \"Yoga\"\n        }\n      ]\n    }\n  ],\n  \"AttributeRanges\": [],\n  \"Prices\": [\n    {\n      \"Key\": \"price\",\n      \"Currency\": \"USD\",\n      \"Order\": 3,\n      \"Values\": [\n        {\n          \"Id\": \"under-100\",\n          \"Lower\": null,\n          \"Upper\": \"100\",\n          \"IncludeLower\": true,\n          \"IncludeUpper\": false\n        },\n        {\n          \"Id\": \"100-200\",\n          \"Lower\": \"100\",\n          \"Upper\": \"200\",\n          \"IncludeLower\": true,\n          \"IncludeUpper\": false\n        },\n        {\n          \"Id\": \"200-300\",\n          \"Lower\": \"200\",\n          \"Upper\": \"300\",\n          \"IncludeLower\": true,\n          \"IncludeUpper\": false\n        },\n        {\n          \"Id\": \"over-300\",\n          \"Lower\": \"300\",\n          \"Upper\": null,\n          \"IncludeLower\": true,\n          \"IncludeUpper\": false\n        }\n      ]\n    },\n    {\n      \"Key\": \"price\",\n      \"Currency\": \"EUR\",\n      \"Order\": 4,\n      \"Values\": [\n        {\n          \"Id\": \"under-100\",\n          \"Lower\": null,\n          \"Upper\": \"100\",\n          \"IncludeLower\": true,\n          \"IncludeUpper\": false\n        },\n        {\n          \"Id\": \"100-200\",\n          \"Lower\": \"100\",\n          \"Upper\": \"200\",\n          \"IncludeLower\": true,\n          \"IncludeUpper\": false\n        },\n        {\n          \"Id\": \"200-600\",\n          \"Lower\": \"200\",\n          \"Upper\": \"600\",\n          \"IncludeLower\": true,\n          \"IncludeUpper\": false\n        },\n        {\n          \"Id\": \"600-1000\",\n          \"Lower\": \"600\",\n          \"Upper\": \"1000\",\n          \"IncludeLower\": true,\n          \"IncludeUpper\": false\n        },\n        {\n          \"Id\": \"over-1000\",\n          \"Lower\": \"1000\",\n          \"Upper\": null,\n          \"IncludeLower\": true,\n          \"IncludeUpper\": false\n        }\n      ]\n    },\n    {\n      \"Key\": \"price\",\n      \"Currency\": \"XPT\",\n      \"Order\": 5,\n      \"Values\": []\n    }\n  ]\n}",
              "valueType": "LongText",
              "propertyId": "VirtoCommerce.Catalog_FilteredBrowsing_Property",
              "propertyName": "FilteredBrowsing"
            }
          ],
          "name": "FilteredBrowsing",
          "isArray": false,
          "isDictionary": false,
          "isMultilingual": false,
          "isRequired": false,
          "valueType": "Undefined",
          "createdDate": "0001-01-01T00:00:00Z",
          "id": "VirtoCommerce.Catalog_FilteredBrowsing_Property"
        },
        {
          "values": [
            {
              "objectType": "VirtoCommerce.StoreModule.Core.Model.Store",
              "objectId": "Clothing",
              "value": "",
              "valueType": "ShortText",
              "propertyId": "Default_Theme_Name_Property",
              "propertyName": "DefaultThemeName"
            }
          ],
          "name": "DefaultThemeName",
          "isArray": false,
          "isDictionary": false,
          "isMultilingual": false,
          "isRequired": false,
          "valueType": "Undefined",
          "createdDate": "0001-01-01T00:00:00Z",
          "id": "Default_Theme_Name_Property"
        }
      ],
      "settings": [
        {
          "itHasValues": true,
          "restartRequired": false,
          "moduleId": "VirtoCommerce.Store",
          "groupName": "Store|General",
          "name": "Stores.States",
          "valueType": "ShortText",
          "allowedValues": ["Open", "Closed", "RestrictedAccess"],
          "defaultValue": "Open",
          "isDictionary": true
        },
        {
          "itHasValues": false,
          "restartRequired": false,
          "moduleId": "VirtoCommerce.Store",
          "groupName": "Store|General",
          "name": "Stores.TaxCalculationEnabled",
          "valueType": "Boolean",
          "defaultValue": true,
          "isDictionary": false
        },
        {
          "itHasValues": false,
          "restartRequired": false,
          "moduleId": "VirtoCommerce.Store",
          "groupName": "Store|General",
          "name": "Stores.AllowAnonymousUsers",
          "valueType": "Boolean",
          "defaultValue": true,
          "isDictionary": false
        },
        {
          "itHasValues": true,
          "restartRequired": false,
          "moduleId": "VirtoCommerce.Store",
          "groupName": "Store|SEO",
          "name": "Stores.SeoLinksType",
          "valueType": "ShortText",
          "allowedValues": ["None", "Short", "Collapsed", "Long"],
          "defaultValue": "Collapsed",
          "isDictionary": false
        },
        {
          "itHasValues": false,
          "restartRequired": false,
          "moduleId": "VirtoCommerce.Subscription",
          "groupName": "Subscriptions|General",
          "name": "Subscription.EnableSubscriptions",
          "valueType": "Boolean",
          "defaultValue": true,
          "isDictionary": false
        }
      ],
      "typeName": "Store",
      "createdDate": "2015-10-06T22:39:51.13Z",
      "modifiedDate": "2015-10-06T22:39:51.13Z",
      "createdBy": "unknown",
      "modifiedBy": "unknown",
      "id": "Clothing"
    },
    {
      "name": "Electronics",
      "storeState": "Open",
      "country": "USA",
      "defaultLanguage": "en-US",
      "defaultCurrency": "USD",
      "catalog": "4974648a41df4e6ea67ef2ad76d7bbd4",
      "creditCardSavePolicy": false,
      "url": "",
      "secureUrl": "",
      "email": "noreply@mail.com",
      "displayOutOfStock": false,
      "mainFulfillmentCenterId": "vendor-fulfillment",
      "additionalFulfillmentCenterIds": [],
      "mainReturnsFulfillmentCenterId": "vendor-fulfillment",
      "returnsFulfillmentCenterIds": [],
      "languages": ["de-DE", "fr-FR", "en-US"],
      "currencies": ["USD", "EUR", "XPT"],
      "trustedGroups": ["Clothing"],
      "seoObjectType": "Store",
      "seoInfos": [
        {
          "semanticUrl": "Electronique",
          "pageTitle": "Electronique",
          "storeId": "Electronics",
          "objectId": "Electronics",
          "objectType": "Store",
          "isActive": true,
          "languageCode": "fr-FR",
          "id": "15b0752d92cb47b69001f31b10127514"
        },
        {
          "semanticUrl": "Electronics",
          "pageTitle": "Electronics",
          "storeId": "Electronics",
          "objectId": "Electronics",
          "objectType": "Store",
          "isActive": true,
          "languageCode": "en-US",
          "id": "27546a48097b4e59900da9a4f5a17ac8"
        },
        {
          "semanticUrl": "Electronics",
          "pageTitle": "Electronics",
          "storeId": "Electronics",
          "objectId": "Electronics",
          "objectType": "Store",
          "isActive": true,
          "languageCode": "de-DE",
          "id": "cfecfc3f5ce5486eaaf52886da7c957c"
        }
      ],
      "objectType": "VirtoCommerce.StoreModule.Core.Model.Store",
      "dynamicProperties": [
        {
          "values": [
            {
              "objectType": "VirtoCommerce.StoreModule.Core.Model.Store",
              "objectId": "Electronics",
              "value": "{\n  \"Attributes\": [\n    {\n      \"Key\": \"Brand\",\n      \"FacetSize\": null,\n      \"Order\": 0,\n      \"Values\": [\n        {\n          \"Id\": \"3DR\"\n        },\n        {\n          \"Id\": \"Apple\"\n        },\n        {\n          \"Id\": \"Asus\"\n        },\n        {\n          \"Id\": \"Beats By Dr Dre\"\n        },\n        {\n          \"Id\": \"BLU\"\n        },\n        {\n          \"Id\": \"DJI\"\n        },\n        {\n          \"Id\": \"E-flite\"\n        },\n        {\n          \"Id\": \"HTC\"\n        },\n        {\n          \"Id\": \"LG\"\n        },\n        {\n          \"Id\": \"Microsoft\"\n        },\n        {\n          \"Id\": \"Onkyo\"\n        },\n        {\n          \"Id\": \"Panasonic\"\n        },\n        {\n          \"Id\": \"Parrot\"\n        },\n        {\n          \"Id\": \"Powerbeats\"\n        },\n        {\n          \"Id\": \"Samsung\"\n        },\n        {\n          \"Id\": \"Sony\"\n        },\n        {\n          \"Id\": \"SunBriteTV\"\n        },\n        {\n          \"Id\": \"Teac\"\n        },\n        {\n          \"Id\": \"Vizio\"\n        },\n        {\n          \"Id\": \"Walkera\"\n        },\n        {\n          \"Id\": \"xFold\"\n        }\n      ]\n    },\n    {\n      \"Key\": \"Color\",\n      \"FacetSize\": null,\n      \"Order\": 1,\n      \"Values\": [\n        {\n          \"Id\": \"Black\"\n        },\n        {\n          \"Id\": \"Bronze\"\n        },\n        {\n          \"Id\": \"Camo green\"\n        },\n        {\n          \"Id\": \"Gold\"\n        },\n        {\n          \"Id\": \"Gold Platinum\"\n        },\n        {\n          \"Id\": \"Gray\"\n        },\n        {\n          \"Id\": \"Green\"\n        },\n        {\n          \"Id\": \"Red\"\n        },\n        {\n          \"Id\": \"Ruby red\"\n        },\n        {\n          \"Id\": \"Sheer Gold\"\n        },\n        {\n          \"Id\": \"Silver\"\n        },\n        {\n          \"Id\": \"Space Gray\"\n        },\n        {\n          \"Id\": \"Titanium grey\"\n        },\n        {\n          \"Id\": \"White\"\n        },\n        {\n          \"Id\": \"White Pearl\"\n        }\n      ]\n    },\n    {\n      \"Key\": \"Display size\",\n      \"FacetSize\": null,\n      \"Order\": 2,\n      \"Values\": null\n    }\n  ],\n  \"AttributeRanges\": [],\n  \"Prices\": [\n    {\n      \"Key\": \"price\",\n      \"Currency\": \"USD\",\n      \"Order\": 3,\n      \"Values\": [\n        {\n          \"Id\": \"under-100\",\n          \"Lower\": null,\n          \"Upper\": \"100\",\n          \"IncludeLower\": true,\n          \"IncludeUpper\": false\n        },\n        {\n          \"Id\": \"100-200\",\n          \"Lower\": \"100\",\n          \"Upper\": \"200\",\n          \"IncludeLower\": true,\n          \"IncludeUpper\": false\n        },\n        {\n          \"Id\": \"200-600\",\n          \"Lower\": \"200\",\n          \"Upper\": \"600\",\n          \"IncludeLower\": true,\n          \"IncludeUpper\": false\n        },\n        {\n          \"Id\": \"600-1000\",\n          \"Lower\": \"600\",\n          \"Upper\": \"1000\",\n          \"IncludeLower\": true,\n          \"IncludeUpper\": false\n        },\n        {\n          \"Id\": \"over-1000\",\n          \"Lower\": \"1000\",\n          \"Upper\": null,\n          \"IncludeLower\": true,\n          \"IncludeUpper\": false\n        }\n      ]\n    },\n    {\n      \"Key\": \"price\",\n      \"Currency\": \"EUR\",\n      \"Order\": 4,\n      \"Values\": [\n        {\n          \"Id\": \"under-100\",\n          \"Lower\": null,\n          \"Upper\": \"100\",\n          \"IncludeLower\": true,\n          \"IncludeUpper\": false\n        },\n        {\n          \"Id\": \"100-200\",\n          \"Lower\": \"100\",\n          \"Upper\": \"200\",\n          \"IncludeLower\": true,\n          \"IncludeUpper\": false\n        },\n        {\n          \"Id\": \"200-600\",\n          \"Lower\": \"200\",\n          \"Upper\": \"600\",\n          \"IncludeLower\": true,\n          \"IncludeUpper\": false\n        },\n        {\n          \"Id\": \"600-1000\",\n          \"Lower\": \"600\",\n          \"Upper\": \"1000\",\n          \"IncludeLower\": true,\n          \"IncludeUpper\": false\n        },\n        {\n          \"Id\": \"over-1000\",\n          \"Lower\": \"1000\",\n          \"Upper\": null,\n          \"IncludeLower\": true,\n          \"IncludeUpper\": false\n        }\n      ]\n    },\n    {\n      \"Key\": \"price\",\n      \"Currency\": \"XPT\",\n      \"Order\": 5,\n      \"Values\": []\n    }\n  ]\n}",
              "valueType": "LongText",
              "propertyId": "VirtoCommerce.Catalog_FilteredBrowsing_Property",
              "propertyName": "FilteredBrowsing"
            }
          ],
          "name": "FilteredBrowsing",
          "isArray": false,
          "isDictionary": false,
          "isMultilingual": false,
          "isRequired": false,
          "valueType": "Undefined",
          "createdDate": "0001-01-01T00:00:00Z",
          "id": "VirtoCommerce.Catalog_FilteredBrowsing_Property"
        },
        {
          "values": [
            {
              "objectType": "VirtoCommerce.StoreModule.Core.Model.Store",
              "objectId": "Electronics",
              "value": "",
              "valueType": "ShortText",
              "propertyId": "Default_Theme_Name_Property",
              "propertyName": "DefaultThemeName"
            }
          ],
          "name": "DefaultThemeName",
          "isArray": false,
          "isDictionary": false,
          "isMultilingual": false,
          "isRequired": false,
          "valueType": "Undefined",
          "createdDate": "0001-01-01T00:00:00Z",
          "id": "Default_Theme_Name_Property"
        }
      ],
      "settings": [
        {
          "itHasValues": true,
          "restartRequired": false,
          "moduleId": "VirtoCommerce.Store",
          "groupName": "Store|General",
          "name": "Stores.States",
          "valueType": "ShortText",
          "allowedValues": ["Open", "Closed", "RestrictedAccess"],
          "defaultValue": "Open",
          "isDictionary": true
        },
        {
          "itHasValues": false,
          "restartRequired": false,
          "moduleId": "VirtoCommerce.Store",
          "groupName": "Store|General",
          "name": "Stores.TaxCalculationEnabled",
          "valueType": "Boolean",
          "defaultValue": true,
          "isDictionary": false
        },
        {
          "itHasValues": false,
          "restartRequired": false,
          "moduleId": "VirtoCommerce.Store",
          "groupName": "Store|General",
          "name": "Stores.AllowAnonymousUsers",
          "valueType": "Boolean",
          "defaultValue": true,
          "isDictionary": false
        },
        {
          "itHasValues": true,
          "restartRequired": false,
          "moduleId": "VirtoCommerce.Store",
          "groupName": "Store|SEO",
          "name": "Stores.SeoLinksType",
          "valueType": "ShortText",
          "allowedValues": ["None", "Short", "Collapsed", "Long"],
          "defaultValue": "Collapsed",
          "isDictionary": false
        },
        {
          "itHasValues": false,
          "restartRequired": false,
          "moduleId": "VirtoCommerce.Subscription",
          "groupName": "Subscriptions|General",
          "name": "Subscription.EnableSubscriptions",
          "valueType": "Boolean",
          "defaultValue": true,
          "isDictionary": false
        }
      ],
      "typeName": "Store",
      "createdDate": "2015-10-06T22:39:51.553Z",
      "modifiedDate": "2015-10-06T22:39:51.553Z",
      "createdBy": "unknown",
      "modifiedBy": "unknown",
      "id": "Electronics"
    }
  ]
}
