﻿{
  "MembersTotalCount": 21,
  "Members": [
    {
      "description": "Samsung electronics",
      "siteUrl": "http://samsung.com",
      "objectType": "VirtoCommerce.CustomerModule.Core.Model.Vendor",
      "name": "samsung",
      "memberType": "Vendor",
      "addresses": [],
      "phones": [],
      "emails": [],
      "notes": [],
      "groups": [],
      "dynamicProperties": [],
      "seoObjectType": "Vendor",
      "seoInfos": [],
      "createdDate": "2016-12-26T07:19:38.263Z",
      "modifiedDate": "2016-12-26T07:19:38.263Z",
      "createdBy": "admin",
      "modifiedBy": "admin",
      "id": "94597fe09f634914a5fdf76c6ba86b04"
    },
    {
      "objectType": "VirtoCommerce.CustomerModule.Core.Model.Organization",
      "name": "b2b test organization",
      "memberType": "Organization",
      "addresses": [
        {
          "addressType": 0,
          "key": "4d0ff3e0-2748-426e-9336-3dc1fe2a68a9",
          "countryCode": "USA",
          "countryName": "United States",
          "city": "Philadelphia",
          "postalCode": "19019",
          "line1": "Streat",
          "line2": "1",
          "regionId": "PA",
          "regionName": "Pennsylvania",
          "phone": "2151231234"
        }
      ],
      "phones": [],
      "emails": [],
      "notes": [],
      "groups": [],
      "dynamicProperties": [],
      "seoObjectType": "Organization",
      "seoInfos": [],
      "createdDate": "2020-08-20T14:26:05.9064631Z",
      "modifiedDate": "2020-08-20T14:26:05.9064631Z",
      "createdBy": "admin",
      "modifiedBy": "admin",
      "id": "d690f3df-8782-4dcc-99be-a1f644220e50"
    },
    {
      "objectType": "VirtoCommerce.CustomerModule.Core.Model.Organization",
      "name": "Contoso Bank",
      "memberType": "Organization",
      "addresses": [],
      "phones": [],
      "emails": [],
      "notes": [],
      "groups": [],
      "dynamicProperties": [],
      "seoObjectType": "Organization",
      "seoInfos": [],
      "createdDate": "2015-10-06T22:39:43.57Z",
      "modifiedDate": "2015-10-06T22:39:43.57Z",
      "createdBy": "unknown",
      "modifiedBy": "unknown",
      "id": "689a72757c754bef97cde51afc663430"
    },
    {
      "objectType": "VirtoCommerce.CustomerModule.Core.Model.Organization",
      "name": "Contoso Hotel",
      "memberType": "Organization",
      "addresses": [],
      "phones": [],
      "emails": [],
      "notes": [],
      "groups": [],
      "dynamicProperties": [],
      "seoObjectType": "Organization",
      "seoInfos": [],
      "createdDate": "2015-10-06T22:39:43.51Z",
      "modifiedDate": "2015-10-06T22:39:43.51Z",
      "createdBy": "unknown",
      "modifiedBy": "unknown",
      "id": "b23252dafacc4bd0b6e2489d36c51684"
    },
    {
      "objectType": "VirtoCommerce.CustomerModule.Core.Model.Organization",
      "name": "Contoso Ltd.",
      "memberType": "Organization",
      "addresses": [],
      "phones": [],
      "emails": [],
      "notes": [],
      "groups": [],
      "dynamicProperties": [],
      "seoObjectType": "Organization",
      "seoInfos": [],
      "createdDate": "2015-10-06T22:39:43.483Z",
      "modifiedDate": "2015-10-06T22:39:43.483Z",
      "createdBy": "unknown",
      "modifiedBy": "unknown",
      "id": "f081c52234754c9c8229aa42d6a19220"
    },
    {
      "objectType": "VirtoCommerce.CustomerModule.Core.Model.Organization",
      "name": "Fabrikam, Inc.",
      "memberType": "Organization",
      "addresses": [],
      "phones": [],
      "emails": [],
      "notes": [],
      "groups": [],
      "dynamicProperties": [],
      "seoObjectType": "Organization",
      "seoInfos": [],
      "createdDate": "2015-10-06T22:39:42.913Z",
      "modifiedDate": "2015-10-06T22:39:42.913Z",
      "createdBy": "unknown",
      "modifiedBy": "unknown",
      "id": "3407620e4b7442488d8a91b9c5e4c085"
    },
    {
      "objectType": "VirtoCommerce.CustomerModule.Core.Model.Organization",
      "name": "org1.com",
      "memberType": "Organization",
      "addresses": [
        {
          "addressType": 0,
          "key": "b6467fab9651477192b7f610040eb340",
          "name": "   123 6th St. Melbourne Florida 32904 United States",
          "countryCode": "USA",
          "countryName": "United States",
          "city": "Melbourne",
          "postalCode": "32904",
          "line1": "123 6th St.",
          "regionId": "FL",
          "regionName": "Florida",
          "phone": "5551234"
        }
      ],
      "phones": [],
      "emails": [],
      "notes": [],
      "groups": [],
      "dynamicProperties": [],
      "seoObjectType": "Organization",
      "seoInfos": [],
      "createdDate": "2018-05-03T14:41:20.2Z",
      "modifiedDate": "2018-05-03T14:41:20.2Z",
      "createdBy": "frontend",
      "modifiedBy": "frontend",
      "id": "f8512cf2aa004ead858c286b0141e856"
    },
    {
      "fullName": "Alex Starberg",
      "firstName": "Alex",
      "lastName": "Starberg",
      "organizations": [],
      "objectType": "VirtoCommerce.CustomerModule.Core.Model.Contact",
      "securityAccounts": [
        {
          "storeId": "Electronics",
          "memberId": "820c58c5-b518-454b-aefd-2fc4616bd25e",
          "isAdministrator": false,
          "userType": "Customer",
          "passwordExpired": false,
          "id": "820c58c5-b518-454b-aefd-2fc4616bd25e",
          "userName": "bomba89@example.com",
          "normalizedUserName": "BOMBA89@EXAMPLE.COM",
          "email": "bomba89@example.com",
          "normalizedEmail": "BOMBA89@EXAMPLE.COM",
          "emailConfirmed": false,
          "passwordHash": "AHQSmKnSLYrzj9vtdDWWnUXojjpmuDW2cHvWloGL9UL3TC9UCfBmbIuR2YCyg4BpNg==",
          "securityStamp": "BW2XCJQ7XHKTLZVG6DLVKRO2J4N2BCQJ",
          "concurrencyStamp": "0871b5a5-124c-4517-9367-f4eea6744b7f",
          "phoneNumberConfirmed": false,
          "twoFactorEnabled": false,
          "lockoutEnabled": true,
          "accessFailedCount": 0
        }
      ],
      "name": "Alex Starberg",
      "memberType": "Contact",
      "addresses": [],
      "phones": [],
      "emails": [],
      "notes": [],
      "groups": [],
      "dynamicProperties": [],
      "seoObjectType": "Contact",
      "seoInfos": [],
      "createdDate": "2015-10-06T22:39:43.597Z",
      "modifiedDate": "2015-10-06T22:39:43.597Z",
      "createdBy": "unknown",
      "modifiedBy": "unknown",
      "id": "820c58c5-b518-454b-aefd-2fc4616bd25e"
    },
    {
      "fullName": "Alex Vi",
      "firstName": "Alex",
      "lastName": "Vi",
      "organizations": [],
      "objectType": "VirtoCommerce.CustomerModule.Core.Model.Contact",
      "securityAccounts": [],
      "name": "Alex Vi",
      "memberType": "Contact",
      "addresses": [],
      "phones": [],
      "emails": [],
      "notes": [],
      "groups": [],
      "dynamicProperties": [],
      "seoObjectType": "Contact",
      "seoInfos": [],
      "createdDate": "2015-10-06T22:39:44.18Z",
      "modifiedDate": "2015-10-06T22:39:44.18Z",
      "createdBy": "unknown",
      "modifiedBy": "unknown",
      "id": "88c0ce58-49c9-4ff5-af0d-10f19d0e38bc"
    },
    {
      "fullName": "Alexander Siniougin",
      "firstName": "Alexander",
      "lastName": "Siniougin",
      "organizations": [],
      "objectType": "VirtoCommerce.CustomerModule.Core.Model.Contact",
      "securityAccounts": [],
      "name": "Alexander Siniougin",
      "memberType": "Contact",
      "addresses": [
        {
          "addressType": 0,
          "key": "419690fbf9e7429890fd7567fcb02a2b",
          "name": "Alexander Siniougin  20945 Devonshire St Suite 102 Los Angeles California 34535 United States",
          "countryCode": "USA",
          "countryName": "United States",
          "city": "Los Angeles",
          "postalCode": "34535",
          "line1": "20945 Devonshire St Suite 102",
          "regionId": "CA",
          "regionName": "California",
          "firstName": "Alexander",
          "lastName": "Siniougin",
          "phone": "23123",
          "email": "sasha@virtoway.com"
        }
      ],
      "phones": [],
      "emails": ["sasha@virtoway.com"],
      "notes": [],
      "groups": [],
      "dynamicProperties": [],
      "seoObjectType": "Contact",
      "seoInfos": [],
      "createdDate": "2018-05-03T18:06:53.113Z",
      "modifiedDate": "2018-05-03T18:06:53.113Z",
      "createdBy": "frontend",
      "modifiedBy": "frontend",
      "id": "193423ba90744d2e90a69e9ef7ac57bd"
    },
    {
      "fullName": "Allen Brewer",
      "organizations": [],
      "objectType": "VirtoCommerce.CustomerModule.Core.Model.Contact",
      "securityAccounts": [],
      "name": "Allen Brewer",
      "memberType": "Contact",
      "addresses": [],
      "phones": [],
      "emails": [],
      "notes": [],
      "groups": [],
      "dynamicProperties": [],
      "seoObjectType": "Contact",
      "seoInfos": [],
      "createdDate": "2015-10-06T22:39:44.383Z",
      "modifiedDate": "2015-10-06T22:39:44.383Z",
      "createdBy": "unknown",
      "modifiedBy": "unknown",
      "id": "28db8667130e47ed9dd8edccada4bafc"
    },
    {
      "fullName": "b2b admin",
      "firstName": "b2b",
      "lastName": "admin",
      "organizations": ["d690f3df-8782-4dcc-99be-a1f644220e50"],
      "associatedOrganizations": [],
      "objectType": "VirtoCommerce.CustomerModule.Core.Model.Contact",
      "securityAccounts": [
        {
          "storeId": "B2B-store",
          "memberId": "cb0a5340-f9fb-4f49-bd62-9d03518868ff",
          "isAdministrator": false,
          "userType": "Customer",
          "createdDate": "2020-08-20T14:26:07.0068436Z",
          "modifiedDate": "2020-08-24T09:05:25.8511058Z",
          "createdBy": "unknown",
          "modifiedBy": "unknown",
          "userState": "PendingApproval",
          "passwordExpired": false,
          "id": "78b0208a-bb52-4a33-9250-583d63aa1f77",
          "userName": "b2badmin",
          "normalizedUserName": "B2BADMIN",
          "email": "b2badmin@test.com",
          "normalizedEmail": "B2BADMIN@TEST.COM",
          "emailConfirmed": false,
          "passwordHash": "AQAAAAEAACcQAAAAEAab+YiCyf/svuuT/XAIRel8nZN+K4E37zR5m+37lyUJF/Tqnk0gK5s/64+rMQfm2A==",
          "securityStamp": "AG3VCKDES6C4VB6XPKJADWASPIUHUYN6",
          "concurrencyStamp": "119d8f95-835b-46ae-b385-d18c5eeec0aa",
          "phoneNumberConfirmed": false,
          "twoFactorEnabled": false,
          "lockoutEnabled": true,
          "accessFailedCount": 0
        }
      ],
      "name": "b2b admin",
      "memberType": "Contact",
      "addresses": [
        {
          "addressType": 0,
          "key": "df7ad221-afb8-489a-b28a-5313b39f8f36",
          "countryCode": "USA",
          "countryName": "United States",
          "city": "Philadelphia",
          "postalCode": "19019",
          "line1": "Streat",
          "line2": "1",
          "regionId": "PA",
          "regionName": "Pennsylvania",
          "firstName": "b2b",
          "lastName": "admin",
          "phone": "2151231234",
          "email": "b2badmin@test.com"
        }
      ],
      "phones": [],
      "emails": ["b2badmin@test.com"],
      "notes": [],
      "groups": [],
      "dynamicProperties": [],
      "seoObjectType": "Contact",
      "seoInfos": [],
      "createdDate": "2020-08-20T14:26:06.564907Z",
      "modifiedDate": "2020-08-24T09:05:33.8028432Z",
      "createdBy": "unknown",
      "modifiedBy": "unknown",
      "id": "cb0a5340-f9fb-4f49-bd62-9d03518868ff"
    },
    {
      "fullName": "b2b agent",
      "firstName": "b2b",
      "lastName": "agent",
      "organizations": ["d690f3df-8782-4dcc-99be-a1f644220e50"],
      "associatedOrganizations": [],
      "objectType": "VirtoCommerce.CustomerModule.Core.Model.Contact",
      "securityAccounts": [
        {
          "storeId": "B2B-store",
          "memberId": "c43afe1f-15b8-421c-a1c0-5ef1ca41b4bd",
          "isAdministrator": false,
          "userType": "Customer",
          "createdDate": "2020-08-20T14:33:23.9674773Z",
          "modifiedDate": "2020-08-24T09:05:25.1245037Z",
          "createdBy": "unknown",
          "modifiedBy": "unknown",
          "userState": "PendingApproval",
          "passwordExpired": false,
          "id": "04296d86-5afc-4f8f-9481-0cb28a7c13f8",
          "userName": "b2bagent",
          "normalizedUserName": "B2BAGENT",
          "email": "b2bagent@test.com",
          "normalizedEmail": "B2BAGENT@TEST.COM",
          "emailConfirmed": false,
          "passwordHash": "AQAAAAEAACcQAAAAENtvYwMUp5lQdi3HQaEdB2Sy2iWK+WZRr0xlQPfyWL3sJFps5Z/Sh1Yf81WHAnWvIA==",
          "securityStamp": "3NK7BTUMZAXURSWRL3UMUAJGK3NVHSEF",
          "concurrencyStamp": "71a511e6-8c2a-4a00-b9e1-5275df2eaff5",
          "phoneNumberConfirmed": false,
          "twoFactorEnabled": false,
          "lockoutEnabled": true,
          "accessFailedCount": 0
        }
      ],
      "name": "b2b agent",
      "memberType": "Contact",
      "addresses": [],
      "phones": [],
      "emails": ["b2bagent@test.com"],
      "notes": [],
      "groups": [],
      "dynamicProperties": [],
      "seoObjectType": "Contact",
      "seoInfos": [],
      "createdDate": "2020-08-20T14:33:23.7511432Z",
      "modifiedDate": "2020-08-24T09:05:33.8027455Z",
      "createdBy": "unknown",
      "modifiedBy": "unknown",
      "id": "c43afe1f-15b8-421c-a1c0-5ef1ca41b4bd"
    },
    {
      "fullName": "b2b employee",
      "firstName": "b2b",
      "lastName": "employee",
      "organizations": ["d690f3df-8782-4dcc-99be-a1f644220e50"],
      "associatedOrganizations": [],
      "objectType": "VirtoCommerce.CustomerModule.Core.Model.Contact",
      "securityAccounts": [
        {
          "storeId": "B2B-store",
          "memberId": "5002a7b4-d51c-4e07-a95f-b0f5486f4fe3",
          "isAdministrator": false,
          "userType": "Customer",
          "createdDate": "2020-08-20T14:30:14.5776525Z",
          "modifiedDate": "2020-08-24T09:05:25.7230115Z",
          "createdBy": "unknown",
          "modifiedBy": "unknown",
          "userState": "PendingApproval",
          "passwordExpired": false,
          "id": "70894461-3b9b-44f9-b823-e50541a43132",
          "userName": "b2bemployee",
          "normalizedUserName": "B2BEMPLOYEE",
          "email": "b2bemployee@test.com",
          "normalizedEmail": "B2BEMPLOYEE@TEST.COM",
          "emailConfirmed": false,
          "passwordHash": "AQAAAAEAACcQAAAAEFgGB1PedsuMLzQw3CbNRudSpo6gFyUGu9f1BuJstYSYYvXqyq0cNCGkVkNiZjMebA==",
          "securityStamp": "MCTBC3BXG5MFIZFJJCD2N3VSCFQXFVA5",
          "concurrencyStamp": "f30b8028-f108-4f17-852d-8831b5553d19",
          "phoneNumberConfirmed": false,
          "twoFactorEnabled": false,
          "lockoutEnabled": true,
          "accessFailedCount": 0
        }
      ],
      "name": "b2b employee",
      "memberType": "Contact",
      "addresses": [],
      "phones": [],
      "emails": ["b2bemployee@test.com"],
      "notes": [],
      "groups": [],
      "dynamicProperties": [],
      "seoObjectType": "Contact",
      "seoInfos": [],
      "createdDate": "2020-08-20T14:30:14.3380925Z",
      "modifiedDate": "2020-08-24T09:05:33.7762035Z",
      "createdBy": "unknown",
      "modifiedBy": "unknown",
      "id": "5002a7b4-d51c-4e07-a95f-b0f5486f4fe3"
    },
    {
      "fullName": "Barny Collins",
      "organizations": [],
      "objectType": "VirtoCommerce.CustomerModule.Core.Model.Contact",
      "securityAccounts": [
        {
          "storeId": "Electronics",
          "memberId": "d2d9b741-5453-4ad8-aa46-d07478b9a931",
          "isAdministrator": false,
          "userType": "Customer",
          "passwordExpired": false,
          "id": "d2d9b741-5453-4ad8-aa46-d07478b9a931",
          "userName": "barbar@example.com",
          "normalizedUserName": "BARBAR@EXAMPLE.COM",
          "email": "barbar@example.com",
          "normalizedEmail": "BARBAR@EXAMPLE.COM",
          "emailConfirmed": false,
          "securityStamp": "GGOXPWP7SQ4XVJIPNJK4KUVTX4AHMIZR",
          "concurrencyStamp": "b75f1399-aabb-43f0-8b00-cc9f7389a41f",
          "phoneNumberConfirmed": false,
          "twoFactorEnabled": false,
          "lockoutEnabled": true,
          "accessFailedCount": 0
        }
      ],
      "name": "Barny Collins",
      "memberType": "Contact",
      "addresses": [],
      "phones": [],
      "emails": [],
      "notes": [],
      "groups": [],
      "dynamicProperties": [],
      "seoObjectType": "Contact",
      "seoInfos": [],
      "createdDate": "2015-10-06T22:39:44.2Z",
      "modifiedDate": "2015-10-06T22:39:44.2Z",
      "createdBy": "unknown",
      "modifiedBy": "unknown",
      "id": "d2d9b741-5453-4ad8-aa46-d07478b9a931"
    },
    {
      "fullName": "Ellen Adams",
      "organizations": [],
      "objectType": "VirtoCommerce.CustomerModule.Core.Model.Contact",
      "securityAccounts": [],
      "name": "Ellen Adams",
      "memberType": "Contact",
      "addresses": [],
      "phones": [],
      "emails": [],
      "notes": [],
      "groups": [],
      "dynamicProperties": [],
      "seoObjectType": "Contact",
      "seoInfos": [],
      "createdDate": "2015-10-06T22:39:44.33Z",
      "modifiedDate": "2015-10-06T22:39:44.33Z",
      "createdBy": "unknown",
      "modifiedBy": "unknown",
      "id": "fed2902665164243bec2dcf184184b23"
    },
    {
      "fullName": "Eugene Fritz",
      "birthDate": "2015-09-02T22:00:00Z",
      "organizations": [],
      "objectType": "VirtoCommerce.CustomerModule.Core.Model.Contact",
      "securityAccounts": [
        {
          "storeId": "Electronics",
          "memberId": "42e9ad63-cfe5-4ef8-b5e3-c86522c22d84",
          "isAdministrator": false,
          "userType": "Customer",
          "passwordExpired": false,
          "id": "42e9ad63-cfe5-4ef8-b5e3-c86522c22d84",
          "userName": "calfor99@example.com",
          "normalizedUserName": "CALFOR99@EXAMPLE.COM",
          "email": "calfor99@example.com",
          "normalizedEmail": "CALFOR99@EXAMPLE.COM",
          "emailConfirmed": false,
          "securityStamp": "JEO4VQGP7YUTK3UG5DXW5RBPOMP6ANSV",
          "concurrencyStamp": "51eca321-a286-4697-aa7d-ee6360e77b3d",
          "phoneNumberConfirmed": false,
          "twoFactorEnabled": false,
          "lockoutEnabled": true,
          "accessFailedCount": 0
        }
      ],
      "name": "Eugene Fritz",
      "memberType": "Contact",
      "addresses": [],
      "phones": [],
      "emails": [],
      "notes": [],
      "groups": [],
      "dynamicProperties": [],
      "seoObjectType": "Contact",
      "seoInfos": [],
      "createdDate": "2015-10-06T22:39:44.223Z",
      "modifiedDate": "2015-10-06T22:39:44.223Z",
      "createdBy": "unknown",
      "modifiedBy": "unknown",
      "id": "42e9ad63-cfe5-4ef8-b5e3-c86522c22d84"
    },
    {
      "fullName": "George Basker",
      "organizations": [],
      "objectType": "VirtoCommerce.CustomerModule.Core.Model.Contact",
      "securityAccounts": [
        {
          "storeId": "Electronics",
          "memberId": "0cda0396-43fe-4034-a20e-d0bab4c88c93",
          "isAdministrator": false,
          "userType": "Customer",
          "passwordExpired": false,
          "id": "0cda0396-43fe-4034-a20e-d0bab4c88c93",
          "userName": "georgebas@example.com",
          "normalizedUserName": "GEORGEBAS@EXAMPLE.COM",
          "email": "georgebas@example.com",
          "normalizedEmail": "GEORGEBAS@EXAMPLE.COM",
          "emailConfirmed": false,
          "securityStamp": "N7D3RBPC43UB2TTZQROZJYJL5MNO6FWI",
          "concurrencyStamp": "90ab4d86-1aef-4716-b95d-495255d02b7b",
          "phoneNumberConfirmed": false,
          "twoFactorEnabled": false,
          "lockoutEnabled": true,
          "accessFailedCount": 0
        }
      ],
      "name": "George Basker",
      "memberType": "Contact",
      "addresses": [],
      "phones": [],
      "emails": [],
      "notes": [],
      "groups": [],
      "dynamicProperties": [],
      "seoObjectType": "Contact",
      "seoInfos": [],
      "createdDate": "2015-10-06T22:39:44.35Z",
      "modifiedDate": "2015-10-06T22:39:44.35Z",
      "createdBy": "unknown",
      "modifiedBy": "unknown",
      "id": "0cda0396-43fe-4034-a20e-d0bab4c88c93"
    },
    {
      "fullName": "John Starberg",
      "organizations": [],
      "objectType": "VirtoCommerce.CustomerModule.Core.Model.Contact",
      "securityAccounts": [],
      "name": "John Starberg",
      "memberType": "Contact",
      "addresses": [],
      "phones": [],
      "emails": [],
      "notes": [],
      "groups": [],
      "dynamicProperties": [],
      "seoObjectType": "Contact",
      "seoInfos": [],
      "createdDate": "2015-10-06T22:39:44.267Z",
      "modifiedDate": "2015-10-06T22:39:44.267Z",
      "createdBy": "unknown",
      "modifiedBy": "unknown",
      "id": "ae0e9e44-a1ca-4527-8319-0e92b0eb16f9"
    },
    {
      "fullName": "Jules Butera",
      "firstName": "Jules",
      "lastName": "Butera",
      "organizations": [],
      "objectType": "VirtoCommerce.CustomerModule.Core.Model.Contact",
      "securityAccounts": [
        {
          "storeId": "Electronics",
          "memberId": "6ce84e68d1944cab8715bb8302a67159",
          "isAdministrator": false,
          "passwordExpired": false,
          "id": "de79b21b-a8b1-4dae-bc8d-fbce20d21f17",
          "userName": "test_user@mail.com",
          "normalizedUserName": "TEST_USER@MAIL.COM",
          "email": "test_user@mail.com",
          "normalizedEmail": "TEST_USER@MAIL.COM",
          "emailConfirmed": false,
          "passwordHash": "AHSedGcBSJtzLsPD+p0J10Y9W2rbme/dnl7XwelSKfS9i/+WVvnVSf2UjUOaTeuQiQ==",
          "securityStamp": "SWU2PS62A5QWX2NWJ5526T7GL4ZTPGTQ",
          "concurrencyStamp": "1915a4e7-3aeb-49ca-87b7-f4eb8dd637c6",
          "phoneNumberConfirmed": false,
          "twoFactorEnabled": false,
          "lockoutEnabled": true,
          "accessFailedCount": 0
        }
      ],
      "name": "Jules Butera",
      "memberType": "Contact",
      "addresses": [],
      "phones": [],
      "emails": [],
      "notes": [],
      "groups": [],
      "dynamicProperties": [],
      "seoObjectType": "Contact",
      "seoInfos": [],
      "createdDate": "2018-12-29T12:37:37.217Z",
      "modifiedDate": "2018-12-29T12:37:37.217Z",
      "createdBy": "frontend",
      "modifiedBy": "frontend",
      "id": "6ce84e68d1944cab8715bb8302a67159"
    },
    {
      "fullName": "Lisa Andrews",
      "organizations": [],
      "objectType": "VirtoCommerce.CustomerModule.Core.Model.Contact",
      "securityAccounts": [],
      "name": "Lisa Andrews",
      "memberType": "Contact",
      "addresses": [],
      "phones": [],
      "emails": [],
      "notes": [],
      "groups": [],
      "dynamicProperties": [],
      "seoObjectType": "Contact",
      "seoInfos": [],
      "createdDate": "2015-10-06T22:39:44.367Z",
      "modifiedDate": "2015-10-06T22:39:44.367Z",
      "createdBy": "unknown",
      "modifiedBy": "unknown",
      "id": "43cc012e2587409dab327e0b52db3894"
    },
    {
      "fullName": "Rob White",
      "organizations": [],
      "objectType": "VirtoCommerce.CustomerModule.Core.Model.Contact",
      "securityAccounts": [
        {
          "storeId": "Electronics",
          "memberId": "237a4784-d25f-419e-b4d7-cf151393d1cc",
          "isAdministrator": false,
          "userType": "Customer",
          "passwordExpired": false,
          "id": "237a4784-d25f-419e-b4d7-cf151393d1cc",
          "userName": "whity@example.com",
          "normalizedUserName": "WHITY@EXAMPLE.COM",
          "email": "whity@example.com",
          "normalizedEmail": "WHITY@EXAMPLE.COM",
          "emailConfirmed": false,
          "securityStamp": "4AIGIPATEY2IBGWRWJ7D6VA5BQYN7KAE",
          "concurrencyStamp": "770f75ae-d559-425c-990b-dd237184984c",
          "phoneNumberConfirmed": false,
          "twoFactorEnabled": false,
          "lockoutEnabled": true,
          "accessFailedCount": 0
        }
      ],
      "name": "Rob White",
      "memberType": "Contact",
      "addresses": [],
      "phones": [],
      "emails": [],
      "notes": [],
      "groups": [],
      "dynamicProperties": [],
      "seoObjectType": "Contact",
      "seoInfos": [],
      "createdDate": "2015-10-06T22:39:44.29Z",
      "modifiedDate": "2015-10-06T22:39:44.29Z",
      "createdBy": "unknown",
      "modifiedBy": "unknown",
      "id": "237a4784-d25f-419e-b4d7-cf151393d1cc"
    },
    {
      "fullName": "Sam Green",
      "organizations": [],
      "objectType": "VirtoCommerce.CustomerModule.Core.Model.Contact",
      "securityAccounts": [
        {
          "storeId": "Electronics",
          "memberId": "5f807280-bb1a-42b2-9a96-ed107269ea06",
          "isAdministrator": false,
          "userType": "Customer",
          "passwordExpired": false,
          "id": "5f807280-bb1a-42b2-9a96-ed107269ea06",
          "userName": "goal44@example.com",
          "normalizedUserName": "GOAL44@EXAMPLE.COM",
          "email": "goal44@example.com",
          "normalizedEmail": "GOAL44@EXAMPLE.COM",
          "emailConfirmed": false,
          "securityStamp": "64KX33ELG5AU6AYTRAXPVXRAI7OPQ7JM",
          "concurrencyStamp": "19ae7e3d-45fa-49cc-b4a1-a47d40e2fd1d",
          "phoneNumberConfirmed": false,
          "twoFactorEnabled": false,
          "lockoutEnabled": true,
          "accessFailedCount": 0
        }
      ],
      "name": "Sam Green",
      "memberType": "Contact",
      "addresses": [],
      "phones": [],
      "emails": [],
      "notes": [],
      "groups": [],
      "dynamicProperties": [],
      "seoObjectType": "Contact",
      "seoInfos": [],
      "createdDate": "2015-10-06T22:39:44.31Z",
      "modifiedDate": "2015-10-06T22:39:44.31Z",
      "createdBy": "unknown",
      "modifiedBy": "unknown",
      "id": "5f807280-bb1a-42b2-9a96-ed107269ea06"
    }
  ]
}
