{"Promotions":[{"isAllowCombiningWithSelf":false,"dynamicExpression":{"all":true,"not":false,"id":"PromotionConditionAndRewardTree","availableChildren":[],"children":[{"all":false,"not":false,"id":"BlockCustomerCondition","availableChildren":[],"children":[{"id":"ConditionIsEveryone","availableChildren":[],"children":[]}]},{"all":false,"not":false,"id":"BlockCatalogCondition","availableChildren":[],"children":[{"excludingCategoryIds":[],"excludingProductIds":[],"categoryId":"0d4ad9bab9184d69a6e586effdf9c2ea","categoryName":"Cell phones","id":"ConditionCategoryIs","availableChildren":[],"children":[]}]},{"all":false,"not":false,"id":"BlockCartCondition","availableChildren":[],"children":[]},{"id":"BlockReward","availableChildren":[],"children":[{"amount":5.0,"maxLimit":0.0,"id":"RewardItemGetOfRel","availableChildren":[],"children":[]}]}]},"store":"Electronics","storeIds":["Electronics"],"name":"All phones get 5% discount","type":"DynamicPromotion","isActive":true,"priority":0,"isExclusive":false,"hasCoupons":false,"description":"All phones get 5% discount","maxUsageCount":0,"maxUsageOnOrder":0,"maxPersonalUsageCount":0,"startDate":"2017-08-29T09:46:22.207Z","createdDate":"2015-10-06T22:39:44.83Z","modifiedDate":"2015-10-06T22:39:44.83Z","createdBy":"unknown","modifiedBy":"unknown","id":"26270fec19354021a94cf54d3162ded2"},{"isAllowCombiningWithSelf":false,"dynamicExpression":{"all":true,"not":false,"id":"PromotionConditionAndRewardTree","availableChildren":[],"children":[{"all":false,"not":false,"id":"BlockCustomerCondition","availableChildren":[],"children":[{"id":"ConditionIsEveryone","availableChildren":[],"children":[]}]},{"all":false,"not":false,"id":"BlockCatalogCondition","availableChildren":[],"children":[]},{"all":false,"not":false,"id":"BlockCartCondition","availableChildren":[],"children":[]},{"id":"BlockReward","availableChildren":[],"children":[{"amount":10.0,"maxLimit":0.0,"id":"RewardItemGetOfRel","availableChildren":[],"children":[]},{"amount":50.0,"maxLimit":0.0,"id":"RewardShippingGetOfRelShippingMethod","availableChildren":[],"children":[]}]}]},"store":"Electronics","storeIds":["Electronics"],"name":"Test coupon","type":"DynamicPromotion","isActive":true,"priority":0,"isExclusive":false,"hasCoupons":true,"description":"Test coupon gives 10% for all products and 50% for any shipment","maxUsageCount":0,"maxUsageOnOrder":0,"maxPersonalUsageCount":0,"startDate":"2017-08-29T09:46:22.21Z","createdDate":"2015-12-17T15:08:03.033Z","modifiedDate":"2015-12-17T15:08:03.033Z","createdBy":"admin","modifiedBy":"admin","id":"8a8da0cf8c274653ad2eaecce822c9da"},{"isAllowCombiningWithSelf":false,"dynamicExpression":{"all":true,"not":false,"id":"PromotionConditionAndRewardTree","availableChildren":[],"children":[{"all":false,"not":false,"id":"BlockCustomerCondition","availableChildren":[],"children":[{"id":"ConditionIsFirstTimeBuyer","availableChildren":[],"children":[]}]},{"all":false,"not":false,"id":"BlockCatalogCondition","availableChildren":[],"children":[]},{"all":false,"not":false,"id":"BlockCartCondition","availableChildren":[],"children":[]},{"id":"BlockReward","availableChildren":[],"children":[{"amount":10.0,"maxLimit":0.0,"id":"RewardItemGetOfRel","availableChildren":[],"children":[]}]}]},"store":"Clothing","storeIds":["Clothing"],"name":"Register and get 15% for all","type":"DynamicPromotion","isActive":true,"priority":0,"isExclusive":false,"hasCoupons":false,"description":"For new customer  get a 15% discount for all items","maxUsageCount":2000,"maxUsageOnOrder":0,"maxPersonalUsageCount":1,"startDate":"2017-08-29T09:46:22.21Z","endDate":"2015-12-31T21:00:00Z","createdDate":"2015-10-06T22:39:44.903Z","modifiedDate":"2015-10-06T22:39:44.903Z","createdBy":"unknown","modifiedBy":"unknown","id":"9c76cbafa93c4ecd8a605ae189b4da5f"},{"isAllowCombiningWithSelf":false,"dynamicExpression":{"all":true,"not":false,"id":"PromotionConditionAndRewardTree","availableChildren":[],"children":[{"all":false,"not":false,"id":"BlockCustomerCondition","availableChildren":[],"children":[{"id":"ConditionIsEveryone","availableChildren":[],"children":[]}]},{"all":false,"not":false,"id":"BlockCatalogCondition","availableChildren":[],"children":[{"productId":"e22321f9a323425784af30143a1dd544","productName":"Black Ditsy Floral Print High Neck Skater Dress","id":"ConditionEntryIs","availableChildren":[],"children":[]},{"productId":"a0642cdc35e54dba8def35a9d2066117","productName":"Black Lace Up Boots","id":"ConditionEntryIs","availableChildren":[],"children":[]},{"productId":"bb7d783aafd4458abac1d9ee3eccb7a0","productName":"Black Embellished Block Heel Sandals","id":"ConditionEntryIs","availableChildren":[],"children":[]}]},{"all":false,"not":false,"id":"BlockCartCondition","availableChildren":[],"children":[]},{"id":"BlockReward","availableChildren":[],"children":[{"amount":5.0,"maxLimit":0.0,"id":"RewardItemGetOfRel","availableChildren":[],"children":[]}]}]},"store":"Clothing","storeIds":["Clothing"],"name":"Get 5% for three modern goods","type":"DynamicPromotion","isActive":true,"priority":0,"isExclusive":false,"hasCoupons":false,"description":"Get a 5% discount for Black Ditsy Floral Print High Neck Skater Dress, Black Lace Up Boots, Black Embellished Block Heel Sandals","maxUsageCount":500,"maxUsageOnOrder":0,"maxPersonalUsageCount":2,"startDate":"2017-08-29T09:46:22.21Z","endDate":"2015-09-30T21:00:00Z","createdDate":"2015-10-06T22:39:44.907Z","modifiedDate":"2015-10-06T22:39:44.907Z","createdBy":"unknown","modifiedBy":"unknown","id":"b1b4b5ac50f24968a6e11d1db8d4e89f"},{"isAllowCombiningWithSelf":false,"dynamicExpression":{"all":true,"not":false,"id":"PromotionConditionAndRewardTree","availableChildren":[],"children":[{"all":false,"not":false,"id":"BlockCustomerCondition","availableChildren":[],"children":[{"id":"ConditionIsEveryone","availableChildren":[],"children":[]}]},{"all":false,"not":false,"id":"BlockCatalogCondition","availableChildren":[],"children":[]},{"all":false,"not":false,"id":"BlockCartCondition","availableChildren":[],"children":[]},{"id":"BlockReward","availableChildren":[],"children":[{"amount":10.0,"maxLimit":0.0,"id":"RewardItemGetOfRel","availableChildren":[],"children":[]}]}]},"store":"Clothing","storeIds":["Clothing"],"name":"LOVE coupon","type":"DynamicPromotion","isActive":true,"priority":0,"isExclusive":false,"hasCoupons":false,"description":"Enter LOVE coupon and get 10% for whole cart","maxUsageCount":0,"maxUsageOnOrder":0,"maxPersonalUsageCount":1,"startDate":"2017-08-29T09:46:22.21Z","endDate":"2015-12-31T18:00:00Z","createdDate":"2015-10-06T22:39:44.917Z","modifiedDate":"2015-10-06T22:39:44.917Z","createdBy":"unknown","modifiedBy":"unknown","id":"b9a9fd76449d4f88b053972e39703075"}],"DynamicContentFolders":[{"path":"ContentItem","outline":"ContentItem","objectType":"DynamicContentFolder","name":"ContentItem","createdDate":"2019-09-17T14:55:42.0050598Z","modifiedDate":"2019-09-17T14:55:42.0050598Z","createdBy":"unknown","modifiedBy":"unknown","id":"ContentItem"},{"path":"ContentItem\\Home Page","outline":"ContentItem;31560b99c7114a4ab37fd09297a27022","parentFolderId":"ContentItem","parentFolder":{"path":"ContentItem","outline":"ContentItem","objectType":"DynamicContentFolder","name":"ContentItem","createdDate":"2019-09-17T14:55:42.0050598Z","modifiedDate":"2019-09-17T14:55:42.0050598Z","createdBy":"unknown","modifiedBy":"unknown","id":"ContentItem"},"objectType":"DynamicContentFolder","name":"Home Page","description":"Index store page","createdDate":"2015-10-06T22:39:44.947Z","modifiedDate":"2015-10-06T22:39:44.947Z","createdBy":"unknown","modifiedBy":"unknown","id":"31560b99c7114a4ab37fd09297a27022"},{"path":"ContentPlace","outline":"ContentPlace","objectType":"DynamicContentFolder","name":"ContentPlace","createdDate":"2019-09-17T14:55:41.8252894Z","modifiedDate":"2019-09-17T14:55:41.8252894Z","createdBy":"unknown","modifiedBy":"unknown","id":"ContentPlace"},{"path":"ContentPlace\\HomePage","outline":"ContentPlace;c9145812923741269b347f083367f111","parentFolderId":"ContentPlace","parentFolder":{"path":"ContentPlace","outline":"ContentPlace","objectType":"DynamicContentFolder","name":"ContentPlace","createdDate":"2019-09-17T14:55:41.8252894Z","modifiedDate":"2019-09-17T14:55:41.8252894Z","createdBy":"unknown","modifiedBy":"unknown","id":"ContentPlace"},"objectType":"DynamicContentFolder","name":"HomePage","description":"Home page","createdDate":"2015-10-06T22:39:44.953Z","modifiedDate":"2015-10-06T22:39:44.953Z","createdBy":"unknown","modifiedBy":"unknown","id":"c9145812923741269b347f083367f111"}],"DynamicContentItems":[{"contentType":"Html","folderId":"31560b99c7114a4ab37fd09297a27022","folder":{"path":"ContentItem\\Home Page","outline":"ContentItem;31560b99c7114a4ab37fd09297a27022","parentFolderId":"ContentItem","parentFolder":{"path":"ContentItem","outline":"ContentItem","objectType":"DynamicContentFolder","name":"ContentItem","createdDate":"2019-09-17T14:55:42.0050598Z","modifiedDate":"2019-09-17T14:55:42.0050598Z","createdBy":"unknown","modifiedBy":"unknown","id":"ContentItem"},"objectType":"DynamicContentFolder","name":"Home Page","description":"Index store page","createdDate":"2015-10-06T22:39:44.947Z","modifiedDate":"2015-10-06T22:39:44.947Z","createdBy":"unknown","modifiedBy":"unknown","id":"31560b99c7114a4ab37fd09297a27022"},"objectType":"VirtoCommerce.MarketingModule.Core.Model.DynamicContentItem","dynamicProperties":[{"values":[{"objectType":"VirtoCommerce.MarketingModule.Core.Model.DynamicContentItem","objectId":"6f8a6e9b632b4c428a5e18dfb47dba21","value":"Html","valueId":"8539baa3fe83445a8052209b9bdd498c","valueType":"ShortText","propertyId":"Marketing_DynamicContentItem_Type_Property","propertyName":"Content type"}],"name":"Content type","isArray":false,"isDictionary":false,"isMultilingual":false,"isRequired":false,"valueType":"Undefined","createdDate":"0001-01-01T00:00:00Z","id":"Marketing_DynamicContentItem_Type_Property"},{"values":[{"objectType":"VirtoCommerce.MarketingModule.Core.Model.DynamicContentItem","objectId":"6f8a6e9b632b4c428a5e18dfb47dba21","value":"<div class=\"grid\"><div class=\"grid-item large--one-third\" style=\"text-align: center;\"><h3>FREE GROUND SHIPPING</h3><span>ON ORDERS OVER $100</span></div><div class=\"grid-item large--one-third\" style=\"text-align: center;\"><h3>WE SHIP GLOBALLY</h3><span>SEE LIST OF COUNTRIES</span></div><div class=\"grid-item large--one-third\" style=\"text-align: center;\"><h3>EASY RETURNS AND EXCHANGE</h3><span>WE'VE MADE IT EASY FOR YOU!</span></div></div>","valueType":"Html","propertyId":"a381c55f8b624f53a8ae99c1387299e3","propertyName":"Html"}],"name":"Html","isArray":false,"isDictionary":false,"isMultilingual":false,"isRequired":false,"valueType":"Undefined","createdDate":"0001-01-01T00:00:00Z","id":"a381c55f8b624f53a8ae99c1387299e3"}],"name":"Benefits banner","description":"Describes some promo information","createdDate":"2015-10-06T22:39:45.097Z","modifiedDate":"2015-10-06T22:39:45.097Z","createdBy":"unknown","modifiedBy":"unknown","id":"6f8a6e9b632b4c428a5e18dfb47dba21"},{"contentType":"Html","folderId":"31560b99c7114a4ab37fd09297a27022","folder":{"path":"ContentItem\\Home Page","outline":"ContentItem;31560b99c7114a4ab37fd09297a27022","parentFolderId":"ContentItem","parentFolder":{"path":"ContentItem","outline":"ContentItem","objectType":"DynamicContentFolder","name":"ContentItem","createdDate":"2019-09-17T14:55:42.0050598Z","modifiedDate":"2019-09-17T14:55:42.0050598Z","createdBy":"unknown","modifiedBy":"unknown","id":"ContentItem"},"objectType":"DynamicContentFolder","name":"Home Page","description":"Index store page","createdDate":"2015-10-06T22:39:44.947Z","modifiedDate":"2015-10-06T22:39:44.947Z","createdBy":"unknown","modifiedBy":"unknown","id":"31560b99c7114a4ab37fd09297a27022"},"objectType":"VirtoCommerce.MarketingModule.Core.Model.DynamicContentItem","dynamicProperties":[{"values":[{"objectType":"VirtoCommerce.MarketingModule.Core.Model.DynamicContentItem","objectId":"4004e786056940dcb3c23c09f790001d","value":"Html","valueId":"8539baa3fe83445a8052209b9bdd498c","valueType":"ShortText","propertyId":"Marketing_DynamicContentItem_Type_Property","propertyName":"Content type"}],"name":"Content type","isArray":false,"isDictionary":false,"isMultilingual":false,"isRequired":false,"valueType":"Undefined","createdDate":"0001-01-01T00:00:00Z","id":"Marketing_DynamicContentItem_Type_Property"},{"values":[{"objectType":"VirtoCommerce.MarketingModule.Core.Model.DynamicContentItem","objectId":"4004e786056940dcb3c23c09f790001d","value":"<div id=\"slider\">\n\t<a href=\"\"><img src=\"//virtocommerce.blob.core.windows.net/catalog/clothing-slider-1.jpg\" /></a>\n\t<a href=\"\"><img data-src=\"//virtocommerce.blob.core.windows.net/catalog/clothing-slider-5.jpg\" src=\"\" /></a>\n\t<a href=\"\"><img data-src=\"//virtocommerce.blob.core.windows.net/catalog/clothing-slider-4.jpg\" src=\"\" /></a>\n</div>\n<script>\n    var slider = new IdealImageSlider.Slider('#slider');\n    slider.addBulletNav();\n    slider.start();\n</script>","valueType":"Html","propertyId":"a381c55f8b624f53a8ae99c1387299e3","propertyName":"Html"}],"name":"Html","isArray":false,"isDictionary":false,"isMultilingual":false,"isRequired":false,"valueType":"Undefined","createdDate":"0001-01-01T00:00:00Z","id":"a381c55f8b624f53a8ae99c1387299e3"}],"name":"Clothing Slider","description":"Slider for clothing theme","createdDate":"2015-10-06T22:39:45.01Z","modifiedDate":"2015-10-06T22:39:45.01Z","createdBy":"unknown","modifiedBy":"unknown","id":"4004e786056940dcb3c23c09f790001d"},{"contentType":"Html","folderId":"31560b99c7114a4ab37fd09297a27022","folder":{"path":"ContentItem\\Home Page","outline":"ContentItem;31560b99c7114a4ab37fd09297a27022","parentFolderId":"ContentItem","parentFolder":{"path":"ContentItem","outline":"ContentItem","objectType":"DynamicContentFolder","name":"ContentItem","createdDate":"2019-09-17T14:55:42.0050598Z","modifiedDate":"2019-09-17T14:55:42.0050598Z","createdBy":"unknown","modifiedBy":"unknown","id":"ContentItem"},"objectType":"DynamicContentFolder","name":"Home Page","description":"Index store page","createdDate":"2015-10-06T22:39:44.947Z","modifiedDate":"2015-10-06T22:39:44.947Z","createdBy":"unknown","modifiedBy":"unknown","id":"31560b99c7114a4ab37fd09297a27022"},"objectType":"VirtoCommerce.MarketingModule.Core.Model.DynamicContentItem","dynamicProperties":[{"values":[{"objectType":"VirtoCommerce.MarketingModule.Core.Model.DynamicContentItem","objectId":"819a8174c9cd4b7d8955d50b49ac4e99","value":"<div id=\"slider\">\n\t<a href=\"camcorders\"><img src=\"//virtocommerce.blob.core.windows.net/catalog/slide_1.jpg\" /></a>\n\t<a href=\"cell-phones\"><img data-src=\"//virtocommerce.blob.core.windows.net/catalog/slide_2.jpg\" src=\"\" /></a>\n</div>\n<script>\n    var slider = new IdealImageSlider.Slider('#slider');\n    slider.addBulletNav();\n    slider.start();\n</script>","valueType":"Html","propertyId":"a381c55f8b624f53a8ae99c1387299e3","propertyName":"Html"}],"name":"Html","isArray":false,"isDictionary":false,"isMultilingual":false,"isRequired":false,"valueType":"Undefined","createdDate":"0001-01-01T00:00:00Z","id":"a381c55f8b624f53a8ae99c1387299e3"},{"values":[{"objectType":"VirtoCommerce.MarketingModule.Core.Model.DynamicContentItem","objectId":"819a8174c9cd4b7d8955d50b49ac4e99","value":"Html","valueId":"8539baa3fe83445a8052209b9bdd498c","valueType":"ShortText","propertyId":"Marketing_DynamicContentItem_Type_Property","propertyName":"Content type"}],"name":"Content type","isArray":false,"isDictionary":false,"isMultilingual":false,"isRequired":false,"valueType":"Undefined","createdDate":"0001-01-01T00:00:00Z","id":"Marketing_DynamicContentItem_Type_Property"}],"name":"Electronics Slider","description":"Slider for electronics theme","createdDate":"2015-10-06T22:39:45.12Z","modifiedDate":"2015-10-06T22:39:45.12Z","createdBy":"unknown","modifiedBy":"unknown","id":"819a8174c9cd4b7d8955d50b49ac4e99"}],"DynamicContentPlaces":[{"folderId":"c9145812923741269b347f083367f111","folder":{"path":"ContentPlace\\HomePage","outline":"ContentPlace;c9145812923741269b347f083367f111","parentFolderId":"ContentPlace","parentFolder":{"path":"ContentPlace","outline":"ContentPlace","objectType":"DynamicContentFolder","name":"ContentPlace","createdDate":"2019-09-17T14:55:41.8252894Z","modifiedDate":"2019-09-17T14:55:41.8252894Z","createdBy":"unknown","modifiedBy":"unknown","id":"ContentPlace"},"objectType":"DynamicContentFolder","name":"HomePage","description":"Home page","createdDate":"2015-10-06T22:39:44.953Z","modifiedDate":"2015-10-06T22:39:44.953Z","createdBy":"unknown","modifiedBy":"unknown","id":"c9145812923741269b347f083367f111"},"imageUrl":"http://virtotest.blob.core.windows.net/catalog/9f0113a5-fa34-4d83-bad8-2c9d6fdc763d.png","name":"BenefitsBanner","description":"Promo information on main page","createdDate":"2015-10-06T22:39:45Z","modifiedDate":"2015-10-06T22:39:45Z","createdBy":"unknown","modifiedBy":"unknown","id":"c46538ac39f6464b9ce2c915797ff348"},{"folderId":"c9145812923741269b347f083367f111","folder":{"path":"ContentPlace\\HomePage","outline":"ContentPlace;c9145812923741269b347f083367f111","parentFolderId":"ContentPlace","parentFolder":{"path":"ContentPlace","outline":"ContentPlace","objectType":"DynamicContentFolder","name":"ContentPlace","createdDate":"2019-09-17T14:55:41.8252894Z","modifiedDate":"2019-09-17T14:55:41.8252894Z","createdBy":"unknown","modifiedBy":"unknown","id":"ContentPlace"},"objectType":"DynamicContentFolder","name":"HomePage","description":"Home page","createdDate":"2015-10-06T22:39:44.953Z","modifiedDate":"2015-10-06T22:39:44.953Z","createdBy":"unknown","modifiedBy":"unknown","id":"c9145812923741269b347f083367f111"},"imageUrl":"http://virtotest.blob.core.windows.net/catalog/9f0113a5-fa34-4d83-bad8-2c9d6fdc763d.png","name":"HomePageSlider","description":"Home page slider","createdDate":"2015-10-06T22:39:44.96Z","modifiedDate":"2015-10-06T22:39:44.96Z","createdBy":"unknown","modifiedBy":"unknown","id":"afca8f0a5bc84bcab933bab6f34f0ba8"}],"DynamicContentPublications":[{"name":"Clothing store main page slider","description":"-","priority":0,"isActive":true,"storeId":"Clothing","dynamicExpression":{"all":true,"not":false,"id":"DynamicContentConditionTree","availableChildren":[],"children":[{"all":false,"not":false,"id":"BlockContentCondition","availableChildren":[],"children":[]}]},"contentItems":[{"contentType":"Html","folderId":"31560b99c7114a4ab37fd09297a27022","objectType":"VirtoCommerce.MarketingModule.Core.Model.DynamicContentItem","dynamicProperties":[{"values":[{"objectType":"VirtoCommerce.MarketingModule.Core.Model.DynamicContentItem","objectId":"4004e786056940dcb3c23c09f790001d","value":"Html","valueId":"8539baa3fe83445a8052209b9bdd498c","valueType":"ShortText","propertyId":"Marketing_DynamicContentItem_Type_Property","propertyName":"Content type"}],"name":"Content type","isArray":false,"isDictionary":false,"isMultilingual":false,"isRequired":false,"valueType":"Undefined","createdDate":"0001-01-01T00:00:00Z","id":"Marketing_DynamicContentItem_Type_Property"},{"values":[{"objectType":"VirtoCommerce.MarketingModule.Core.Model.DynamicContentItem","objectId":"4004e786056940dcb3c23c09f790001d","value":"<div id=\"slider\">\n\t<a href=\"\"><img src=\"//virtocommerce.blob.core.windows.net/catalog/clothing-slider-1.jpg\" /></a>\n\t<a href=\"\"><img data-src=\"//virtocommerce.blob.core.windows.net/catalog/clothing-slider-5.jpg\" src=\"\" /></a>\n\t<a href=\"\"><img data-src=\"//virtocommerce.blob.core.windows.net/catalog/clothing-slider-4.jpg\" src=\"\" /></a>\n</div>\n<script>\n    var slider = new IdealImageSlider.Slider('#slider');\n    slider.addBulletNav();\n    slider.start();\n</script>","valueType":"Html","propertyId":"a381c55f8b624f53a8ae99c1387299e3","propertyName":"Html"}],"name":"Html","isArray":false,"isDictionary":false,"isMultilingual":false,"isRequired":false,"valueType":"Undefined","createdDate":"0001-01-01T00:00:00Z","id":"a381c55f8b624f53a8ae99c1387299e3"}],"name":"Clothing Slider","description":"Slider for clothing theme","createdDate":"2015-10-06T22:39:45.01Z","modifiedDate":"2015-10-06T22:39:45.01Z","createdBy":"unknown","modifiedBy":"unknown","id":"4004e786056940dcb3c23c09f790001d"}],"contentPlaces":[{"folderId":"c9145812923741269b347f083367f111","imageUrl":"http://virtotest.blob.core.windows.net/catalog/9f0113a5-fa34-4d83-bad8-2c9d6fdc763d.png","name":"HomePageSlider","description":"Home page slider","createdDate":"2015-10-06T22:39:44.96Z","modifiedDate":"2015-10-06T22:39:44.96Z","createdBy":"unknown","modifiedBy":"unknown","id":"afca8f0a5bc84bcab933bab6f34f0ba8"}],"createdDate":"2015-10-06T22:39:45.17Z","modifiedDate":"2015-10-06T22:39:45.17Z","createdBy":"unknown","modifiedBy":"unknown","id":"1ccf975d60514ebe9d55c36186f0beb2"},{"name":"Electronics store benefits baner","description":"-","priority":0,"isActive":false,"storeId":"Electronics","dynamicExpression":{"all":true,"not":false,"id":"DynamicContentConditionTree","availableChildren":[],"children":[{"all":false,"not":false,"id":"BlockContentCondition","availableChildren":[],"children":[]}]},"contentItems":[{"contentType":"Html","folderId":"31560b99c7114a4ab37fd09297a27022","objectType":"VirtoCommerce.MarketingModule.Core.Model.DynamicContentItem","dynamicProperties":[{"values":[{"objectType":"VirtoCommerce.MarketingModule.Core.Model.DynamicContentItem","objectId":"6f8a6e9b632b4c428a5e18dfb47dba21","value":"Html","valueId":"8539baa3fe83445a8052209b9bdd498c","valueType":"ShortText","propertyId":"Marketing_DynamicContentItem_Type_Property","propertyName":"Content type"}],"name":"Content type","isArray":false,"isDictionary":false,"isMultilingual":false,"isRequired":false,"valueType":"Undefined","createdDate":"0001-01-01T00:00:00Z","id":"Marketing_DynamicContentItem_Type_Property"},{"values":[{"objectType":"VirtoCommerce.MarketingModule.Core.Model.DynamicContentItem","objectId":"6f8a6e9b632b4c428a5e18dfb47dba21","value":"<div class=\"grid\"><div class=\"grid-item large--one-third\" style=\"text-align: center;\"><h3>FREE GROUND SHIPPING</h3><span>ON ORDERS OVER $100</span></div><div class=\"grid-item large--one-third\" style=\"text-align: center;\"><h3>WE SHIP GLOBALLY</h3><span>SEE LIST OF COUNTRIES</span></div><div class=\"grid-item large--one-third\" style=\"text-align: center;\"><h3>EASY RETURNS AND EXCHANGE</h3><span>WE'VE MADE IT EASY FOR YOU!</span></div></div>","valueType":"Html","propertyId":"a381c55f8b624f53a8ae99c1387299e3","propertyName":"Html"}],"name":"Html","isArray":false,"isDictionary":false,"isMultilingual":false,"isRequired":false,"valueType":"Undefined","createdDate":"0001-01-01T00:00:00Z","id":"a381c55f8b624f53a8ae99c1387299e3"}],"name":"Benefits banner","description":"Describes some promo information","createdDate":"2015-10-06T22:39:45.097Z","modifiedDate":"2015-10-06T22:39:45.097Z","createdBy":"unknown","modifiedBy":"unknown","id":"6f8a6e9b632b4c428a5e18dfb47dba21"}],"contentPlaces":[{"folderId":"c9145812923741269b347f083367f111","imageUrl":"http://virtotest.blob.core.windows.net/catalog/9f0113a5-fa34-4d83-bad8-2c9d6fdc763d.png","name":"BenefitsBanner","description":"Promo information on main page","createdDate":"2015-10-06T22:39:45Z","modifiedDate":"2015-10-06T22:39:45Z","createdBy":"unknown","modifiedBy":"unknown","id":"c46538ac39f6464b9ce2c915797ff348"}],"createdDate":"2015-10-06T22:39:45.4Z","modifiedDate":"2015-10-06T22:39:45.4Z","createdBy":"unknown","modifiedBy":"unknown","id":"5f36b1a8f4004432b2a38be83d999c61"},{"name":"Clothing store benefits baner","description":"-","priority":0,"isActive":true,"storeId":"Clothing","dynamicExpression":{"all":true,"not":false,"id":"DynamicContentConditionTree","availableChildren":[],"children":[{"all":false,"not":false,"id":"BlockContentCondition","availableChildren":[],"children":[]}]},"contentItems":[{"contentType":"Html","folderId":"31560b99c7114a4ab37fd09297a27022","objectType":"VirtoCommerce.MarketingModule.Core.Model.DynamicContentItem","dynamicProperties":[{"values":[{"objectType":"VirtoCommerce.MarketingModule.Core.Model.DynamicContentItem","objectId":"6f8a6e9b632b4c428a5e18dfb47dba21","value":"Html","valueId":"8539baa3fe83445a8052209b9bdd498c","valueType":"ShortText","propertyId":"Marketing_DynamicContentItem_Type_Property","propertyName":"Content type"}],"name":"Content type","isArray":false,"isDictionary":false,"isMultilingual":false,"isRequired":false,"valueType":"Undefined","createdDate":"0001-01-01T00:00:00Z","id":"Marketing_DynamicContentItem_Type_Property"},{"values":[{"objectType":"VirtoCommerce.MarketingModule.Core.Model.DynamicContentItem","objectId":"6f8a6e9b632b4c428a5e18dfb47dba21","value":"<div class=\"grid\"><div class=\"grid-item large--one-third\" style=\"text-align: center;\"><h3>FREE GROUND SHIPPING</h3><span>ON ORDERS OVER $100</span></div><div class=\"grid-item large--one-third\" style=\"text-align: center;\"><h3>WE SHIP GLOBALLY</h3><span>SEE LIST OF COUNTRIES</span></div><div class=\"grid-item large--one-third\" style=\"text-align: center;\"><h3>EASY RETURNS AND EXCHANGE</h3><span>WE'VE MADE IT EASY FOR YOU!</span></div></div>","valueType":"Html","propertyId":"a381c55f8b624f53a8ae99c1387299e3","propertyName":"Html"}],"name":"Html","isArray":false,"isDictionary":false,"isMultilingual":false,"isRequired":false,"valueType":"Undefined","createdDate":"0001-01-01T00:00:00Z","id":"a381c55f8b624f53a8ae99c1387299e3"}],"name":"Benefits banner","description":"Describes some promo information","createdDate":"2015-10-06T22:39:45.097Z","modifiedDate":"2015-10-06T22:39:45.097Z","createdBy":"unknown","modifiedBy":"unknown","id":"6f8a6e9b632b4c428a5e18dfb47dba21"}],"contentPlaces":[{"folderId":"c9145812923741269b347f083367f111","imageUrl":"http://virtotest.blob.core.windows.net/catalog/9f0113a5-fa34-4d83-bad8-2c9d6fdc763d.png","name":"BenefitsBanner","description":"Promo information on main page","createdDate":"2015-10-06T22:39:45Z","modifiedDate":"2015-10-06T22:39:45Z","createdBy":"unknown","modifiedBy":"unknown","id":"c46538ac39f6464b9ce2c915797ff348"}],"createdDate":"2015-10-06T22:39:45.407Z","modifiedDate":"2015-10-06T22:39:45.407Z","createdBy":"unknown","modifiedBy":"unknown","id":"8c32b305f15f40f191ccdac38a2ae3cd"},{"name":"Electronics store main page slider","description":"-","priority":0,"isActive":true,"storeId":"Electronics","dynamicExpression":{"all":true,"not":false,"id":"DynamicContentConditionTree","availableChildren":[],"children":[{"all":false,"not":false,"id":"BlockContentCondition","availableChildren":[],"children":[]}]},"contentItems":[{"contentType":"Html","folderId":"31560b99c7114a4ab37fd09297a27022","objectType":"VirtoCommerce.MarketingModule.Core.Model.DynamicContentItem","dynamicProperties":[{"values":[{"objectType":"VirtoCommerce.MarketingModule.Core.Model.DynamicContentItem","objectId":"819a8174c9cd4b7d8955d50b49ac4e99","value":"<div id=\"slider\">\n\t<a href=\"camcorders\"><img src=\"//virtocommerce.blob.core.windows.net/catalog/slide_1.jpg\" /></a>\n\t<a href=\"cell-phones\"><img data-src=\"//virtocommerce.blob.core.windows.net/catalog/slide_2.jpg\" src=\"\" /></a>\n</div>\n<script>\n    var slider = new IdealImageSlider.Slider('#slider');\n    slider.addBulletNav();\n    slider.start();\n</script>","valueType":"Html","propertyId":"a381c55f8b624f53a8ae99c1387299e3","propertyName":"Html"}],"name":"Html","isArray":false,"isDictionary":false,"isMultilingual":false,"isRequired":false,"valueType":"Undefined","createdDate":"0001-01-01T00:00:00Z","id":"a381c55f8b624f53a8ae99c1387299e3"},{"values":[{"objectType":"VirtoCommerce.MarketingModule.Core.Model.DynamicContentItem","objectId":"819a8174c9cd4b7d8955d50b49ac4e99","value":"Html","valueId":"8539baa3fe83445a8052209b9bdd498c","valueType":"ShortText","propertyId":"Marketing_DynamicContentItem_Type_Property","propertyName":"Content type"}],"name":"Content type","isArray":false,"isDictionary":false,"isMultilingual":false,"isRequired":false,"valueType":"Undefined","createdDate":"0001-01-01T00:00:00Z","id":"Marketing_DynamicContentItem_Type_Property"}],"name":"Electronics Slider","description":"Slider for electronics theme","createdDate":"2015-10-06T22:39:45.12Z","modifiedDate":"2015-10-06T22:39:45.12Z","createdBy":"unknown","modifiedBy":"unknown","id":"819a8174c9cd4b7d8955d50b49ac4e99"}],"contentPlaces":[{"folderId":"c9145812923741269b347f083367f111","imageUrl":"http://virtotest.blob.core.windows.net/catalog/9f0113a5-fa34-4d83-bad8-2c9d6fdc763d.png","name":"HomePageSlider","description":"Home page slider","createdDate":"2015-10-06T22:39:44.96Z","modifiedDate":"2015-10-06T22:39:44.96Z","createdBy":"unknown","modifiedBy":"unknown","id":"afca8f0a5bc84bcab933bab6f34f0ba8"}],"createdDate":"2015-10-06T22:39:45.413Z","modifiedDate":"2015-10-06T22:39:45.413Z","createdBy":"unknown","modifiedBy":"unknown","id":"fc6f37de6cab4909acc4c779d00de8a8"}],"Coupons":[{"maxUsesNumber":0,"maxUsesPerUser":0,"code":"test","promotionId":"8a8da0cf8c274653ad2eaecce822c9da","totalUsesCount":2,"createdDate":"2017-08-30T11:03:46.697Z","modifiedDate":"2017-08-30T11:03:46.697Z","createdBy":"admin","modifiedBy":"admin","id":"2baabbc9ca4e475681de57173fda0ca7"}],"Usages":[{"objectId":"f49ce010909347509e8d5d9f0fa33390","objectType":"CustomerOrder","couponCode":"test","promotionId":"8a8da0cf8c274653ad2eaecce822c9da","createdDate":"2017-08-30T11:04:05.85Z","modifiedDate":"2017-08-30T11:04:05.85Z","createdBy":"admin","modifiedBy":"admin","id":"68d385adc1cf4e9fb9d30b255ae0701d"},{"objectId":"8567b42122594f449bc27abd9acd4e2e","objectType":"CustomerOrder","couponCode":"test","promotionId":"8a8da0cf8c274653ad2eaecce822c9da","createdDate":"2017-08-30T11:04:05.8Z","modifiedDate":"2017-08-30T11:04:05.8Z","createdBy":"admin","modifiedBy":"admin","id":"01a88b4ad2f54648af72d17d06a7613a"}]}