{
  "TaxProviders": [
    {
      "storeId": "B2B-store",
      "code": "FixedRate",
      "logoUrl": "https://raw.githubusercontent.com/VirtoCommerce/vc-module-core/master/VirtoCommerce.CoreModule.Web/Content/logoVC.png",
      "isActive": false,
      "priority": 0,
      "typeName": "FixedRateTaxProvider",
      "settings": [
        {
          "itHasValues": false,
          "restartRequired": false,
          "moduleId": "VirtoCommerce.Tax",
          "groupName": "Tax|FixedTaxProvider",
          "name": "VirtoCommerce.Core.FixedTaxRateProvider.Rate",
          "valueType": "Decimal",
          "defaultValue": 0.00,
          "isDictionary": false
        }
      ],
      "id": "38b7d81e19f84cd4a6c6c989b97ecf9d"
    },
    {
      "storeId": "Electronics",
      "code": "FixedRate",
      "logoUrl": "http://virtocommerce.com/Content/images/logo.jpg",
      "isActive": true,
      "priority": 0,
      "typeName": "FixedRateTaxProvider",
      "settings": [
        {
          "itHasValues": false,
          "restartRequired": false,
          "moduleId": "VirtoCommerce.Tax",
          "groupName": "Tax|FixedTaxProvider",
          "name": "VirtoCommerce.Core.FixedTaxRateProvider.Rate",
          "valueType": "Decimal",
          "defaultValue": 0.00,
          "isDictionary": false
        }
      ],
      "id": "f4cdda81d9c84a8ba5306b3da0fea979"
    },
    {
      "storeId": "Clothing",
      "code": "FixedRate",
      "logoUrl": "http://virtocommerce.com/Content/images/logo.jpg",
      "isActive": true,
      "priority": 1,
      "typeName": "FixedRateTaxProvider",
      "settings": [
        {
          "itHasValues": false,
          "restartRequired": false,
          "moduleId": "VirtoCommerce.Tax",
          "groupName": "Tax|FixedTaxProvider",
          "name": "VirtoCommerce.Core.FixedTaxRateProvider.Rate",
          "valueType": "Decimal",
          "defaultValue": 0.00,
          "isDictionary": false
        }
      ],
      "id": "0f8a4f5327bb4d069b94540da046630f"
    }
  ]
}